image,tensor,site,bit,corrupted,nonfinite,block_size,fmt
63,layer1.conv1,element,7,False,False,32,e4m3
63,layer1.conv2,element,7,False,False,32,e4m3
63,layer3.conv2,element,0,False,False,32,e4m3
63,layer1.conv2,element,6,False,False,32,e4m3
63,layer2.shortcut.0,element,5,False,False,32,e4m3
63,layer1.conv1,element,3,False,False,32,e4m3
63,layer3.shortcut.0,element,4,False,False,32,e4m3
63,layer1.conv1,element,4,False,False,32,e4m3
63,layer3.conv1,element,0,False,False,32,e4m3
63,layer1.conv2,element,2,False,False,32,e4m3
63,layer1.conv1,element,1,False,False,32,e4m3
63,layer2.conv2,element,5,False,False,32,e4m3
63,layer1.conv1,element,2,False,False,32,e4m3
63,layer1.conv2,element,6,False,False,32,e4m3
63,layer2.shortcut.0,element,4,False,False,32,e4m3
63,layer1.conv2,element,7,False,False,32,e4m3
63,layer1.conv1,element,6,False,False,32,e4m3
63,layer2.shortcut.0,element,3,False,False,32,e4m3
63,layer1.conv2,element,4,False,False,32,e4m3
63,layer2.conv1,element,3,False,False,32,e4m3
63,layer1.conv1,element,2,False,False,32,e4m3
63,layer1.conv1,element,1,False,False,32,e4m3
63,layer1.conv1,element,5,False,False,32,e4m3
63,layer1.conv1,element,6,False,False,32,e4m3
63,layer1.conv2,element,7,False,False,32,e4m3
63,layer2.shortcut.0,element,4,False,False,32,e4m3
63,layer3.conv1,element,0,False,False,32,e4m3
63,layer2.shortcut.0,element,7,False,False,32,e4m3
63,layer3.shortcut.0,element,5,False,False,32,e4m3
63,layer3.conv1,element,2,False,False,32,e4m3
63,layer2.conv1,element,2,False,False,32,e4m3
63,layer2.shortcut.0,element,1,False,False,32,e4m3
63,layer2.conv2,element,5,False,False,32,e4m3
63,layer3.conv1,element,7,False,False,32,e4m3
63,layer1.conv2,element,4,False,False,32,e4m3
63,conv1,scale,7,True,False,32,e4m3
63,layer2.conv1,scale,2,False,False,32,e4m3
63,layer1.conv1,element,6,False,False,32,e4m3
63,layer2.shortcut.0,element,5,False,False,32,e4m3
63,layer1.conv2,element,4,False,False,32,e4m3
63,layer2.shortcut.0,element,6,False,False,32,e4m3
63,layer2.conv1,element,5,False,False,32,e4m3
63,layer1.conv2,element,1,False,False,32,e4m3
63,layer3.conv1,element,2,False,False,32,e4m3
63,layer1.conv1,element,1,False,False,32,e4m3
63,layer1.conv2,element,7,False,False,32,e4m3
63,layer2.conv2,element,2,False,False,32,e4m3
63,layer3.shortcut.0,element,5,False,False,32,e4m3
63,layer2.conv1,element,0,False,False,32,e4m3
63,layer2.conv2,element,6,False,False,32,e4m3
63,layer2.conv2,element,1,False,False,32,e4m3
63,layer1.conv2,element,7,False,False,32,e4m3
63,layer2.shortcut.0,element,3,False,False,32,e4m3
63,layer3.shortcut.0,element,0,False,False,32,e4m3
63,layer3.shortcut.0,element,7,False,False,32,e4m3
63,layer2.conv2,element,0,False,False,32,e4m3
63,layer2.shortcut.0,element,3,False,False,32,e4m3
63,layer2.conv2,element,5,False,False,32,e4m3
63,conv1,element,6,False,False,32,e4m3
63,layer1.conv1,element,4,False,False,32,e4m3
63,layer2.conv1,element,6,False,False,32,e4m3
63,layer1.conv2,element,7,False,False,32,e4m3
63,layer2.conv2,element,2,False,False,32,e4m3
63,layer1.conv1,element,3,False,False,32,e4m3
63,layer3.conv1,element,5,False,False,32,e4m3
63,layer2.shortcut.0,element,0,False,False,32,e4m3
63,layer2.conv1,element,3,False,False,32,e4m3
63,layer1.conv1,element,4,False,False,32,e4m3
63,layer3.conv1,element,3,False,False,32,e4m3
63,layer2.conv2,element,0,False,False,32,e4m3
63,conv1,element,7,False,False,32,e4m3
63,conv1,element,1,False,False,32,e4m3
63,layer3.conv2,element,3,False,False,32,e4m3
63,layer2.conv1,element,1,False,False,32,e4m3
63,layer1.conv2,element,4,False,False,32,e4m3
63,layer3.shortcut.0,element,0,False,False,32,e4m3
63,layer2.conv2,element,4,False,False,32,e4m3
63,layer2.shortcut.0,element,7,False,False,32,e4m3
63,layer2.conv1,element,1,False,False,32,e4m3
63,layer2.shortcut.0,element,4,False,False,32,e4m3
13,layer1.conv2,element,1,False,False,32,e4m3
13,layer2.shortcut.0,element,0,False,False,32,e4m3
13,layer1.conv1,element,2,False,False,32,e4m3
13,layer3.shortcut.0,element,2,False,False,32,e4m3
13,layer1.conv1,element,3,False,False,32,e4m3
13,layer1.conv2,element,2,False,False,32,e4m3
13,layer2.shortcut.0,element,7,False,False,32,e4m3
13,layer3.conv1,element,3,False,False,32,e4m3
13,layer2.conv1,element,1,False,False,32,e4m3
13,layer2.conv2,element,7,False,False,32,e4m3
13,conv1,scale,2,False,False,32,e4m3
13,layer2.conv1,element,4,False,False,32,e4m3
13,layer1.conv2,element,6,False,False,32,e4m3
13,layer2.conv1,element,3,False,False,32,e4m3
13,layer1.conv1,scale,7,True,False,32,e4m3
13,layer2.shortcut.0,element,1,False,False,32,e4m3
13,layer2.conv2,element,3,False,False,32,e4m3
13,layer1.conv2,element,3,False,False,32,e4m3
13,layer1.conv1,element,5,False,False,32,e4m3
13,layer1.conv1,element,3,False,False,32,e4m3
13,layer2.conv1,element,7,False,False,32,e4m3
13,layer1.conv1,element,1,False,False,32,e4m3
13,layer2.shortcut.0,element,1,False,False,32,e4m3
13,layer2.conv1,element,0,False,False,32,e4m3
13,layer1.conv1,element,0,False,False,32,e4m3
13,layer1.conv1,element,2,False,False,32,e4m3
13,layer3.conv1,element,5,False,False,32,e4m3
13,layer3.conv1,element,6,False,False,32,e4m3
13,layer1.conv1,element,5,False,False,32,e4m3
13,layer2.conv1,scale,7,False,False,32,e4m3
13,layer2.conv1,element,7,False,False,32,e4m3
13,layer3.shortcut.0,element,7,False,False,32,e4m3
13,layer3.conv1,element,4,False,False,32,e4m3
13,layer1.conv2,element,2,False,False,32,e4m3
13,layer2.conv1,element,7,False,False,32,e4m3
13,layer2.conv2,element,5,False,False,32,e4m3
13,layer3.shortcut.0,element,3,False,False,32,e4m3
13,layer2.conv2,element,2,False,False,32,e4m3
13,layer2.conv1,element,7,False,False,32,e4m3
13,layer2.conv2,element,5,False,False,32,e4m3
13,layer3.conv2,element,7,False,False,32,e4m3
13,layer3.conv1,element,5,False,False,32,e4m3
13,layer3.conv2,element,3,False,False,32,e4m3
13,layer1.conv1,element,6,False,False,32,e4m3
13,layer2.conv2,element,4,False,False,32,e4m3
13,layer2.conv2,element,5,False,False,32,e4m3
13,conv1,element,4,False,False,32,e4m3
13,layer2.conv1,element,7,False,False,32,e4m3
13,conv1,element,4,False,False,32,e4m3
13,layer2.shortcut.0,element,2,False,False,32,e4m3
13,layer2.conv1,element,1,False,False,32,e4m3
13,layer2.conv1,element,4,False,False,32,e4m3
13,layer2.conv2,element,1,False,False,32,e4m3
13,layer3.conv1,element,4,False,False,32,e4m3
13,layer2.shortcut.0,scale,7,True,False,32,e4m3
13,layer2.shortcut.0,element,7,False,False,32,e4m3
13,layer2.conv1,element,2,False,False,32,e4m3
13,layer2.conv1,element,0,False,False,32,e4m3
13,layer1.conv1,element,5,False,False,32,e4m3
13,layer3.conv2,element,4,False,False,32,e4m3
13,layer1.conv1,element,7,False,False,32,e4m3
13,layer1.conv2,element,3,False,False,32,e4m3
13,layer1.conv2,element,2,False,False,32,e4m3
13,layer2.conv2,element,5,False,False,32,e4m3
13,layer2.conv1,element,4,False,False,32,e4m3
13,layer2.conv2,element,6,False,False,32,e4m3
13,layer2.shortcut.0,element,6,False,False,32,e4m3
13,layer1.conv2,element,3,False,False,32,e4m3
13,conv1,element,5,False,False,32,e4m3
13,layer2.conv1,element,4,False,False,32,e4m3
13,layer2.shortcut.0,element,1,False,False,32,e4m3
13,layer2.conv1,element,4,False,False,32,e4m3
13,layer1.conv1,element,5,False,False,32,e4m3
13,layer1.conv1,element,7,False,False,32,e4m3
13,layer1.conv2,element,5,False,False,32,e4m3
13,layer2.shortcut.0,element,2,False,False,32,e4m3
13,layer2.conv1,element,1,False,False,32,e4m3
13,layer3.shortcut.0,element,0,False,False,32,e4m3
13,layer1.conv1,element,0,False,False,32,e4m3
13,layer1.conv1,element,1,False,False,32,e4m3
37,layer2.conv1,element,4,False,False,32,e4m3
37,layer1.conv1,element,6,False,False,32,e4m3
37,layer2.shortcut.0,element,2,False,False,32,e4m3
37,layer1.conv1,element,2,False,False,32,e4m3
37,layer1.conv2,element,6,False,False,32,e4m3
37,layer2.shortcut.0,element,3,False,False,32,e4m3
37,layer3.shortcut.0,element,1,False,False,32,e4m3
37,layer2.conv1,element,7,False,False,32,e4m3
37,layer2.shortcut.0,element,1,False,False,32,e4m3
37,layer3.conv2,element,0,False,False,32,e4m3
37,layer3.conv1,element,5,False,False,32,e4m3
37,layer1.conv2,element,0,False,False,32,e4m3
37,layer1.conv2,element,0,False,False,32,e4m3
37,layer1.conv2,element,2,False,False,32,e4m3
37,layer1.conv1,element,7,False,False,32,e4m3
37,layer2.conv2,element,2,False,False,32,e4m3
37,layer1.conv1,element,3,False,False,32,e4m3
37,layer1.conv2,element,1,False,False,32,e4m3
37,layer1.conv1,element,7,False,False,32,e4m3
37,layer2.conv2,element,2,False,False,32,e4m3
37,layer2.conv2,element,4,False,False,32,e4m3
37,layer1.conv2,scale,0,False,False,32,e4m3
37,layer1.conv2,element,2,False,False,32,e4m3
37,layer3.conv2,element,0,False,False,32,e4m3
37,layer3.conv1,element,0,False,False,32,e4m3
37,layer3.shortcut.0,element,3,False,False,32,e4m3
37,conv1,element,0,False,False,32,e4m3
37,layer1.conv1,element,0,False,False,32,e4m3
37,layer3.shortcut.0,element,3,False,False,32,e4m3
37,layer1.conv1,scale,4,False,False,32,e4m3
37,layer2.conv2,element,2,False,False,32,e4m3
37,layer1.conv2,scale,2,False,False,32,e4m3
37,layer3.conv1,element,2,False,False,32,e4m3
37,layer3.conv1,element,5,False,False,32,e4m3
37,layer2.conv1,element,0,False,False,32,e4m3
37,layer2.shortcut.0,element,2,False,False,32,e4m3
37,layer2.shortcut.0,element,5,False,False,32,e4m3
37,layer1.conv1,element,3,False,False,32,e4m3
37,layer2.shortcut.0,scale,1,False,False,32,e4m3
37,layer2.shortcut.0,element,7,False,False,32,e4m3
37,layer2.conv2,element,3,False,False,32,e4m3
37,layer2.conv1,element,5,False,False,32,e4m3
37,layer1.conv2,element,0,False,False,32,e4m3
37,layer2.conv1,element,7,False,False,32,e4m3
37,layer1.conv1,element,5,False,False,32,e4m3
37,layer2.shortcut.0,element,0,False,False,32,e4m3
37,layer3.conv1,element,7,False,False,32,e4m3
37,layer3.conv1,element,6,False,False,32,e4m3
37,layer3.conv2,element,0,True,False,32,e4m3
37,layer3.shortcut.0,element,5,False,False,32,e4m3
37,layer2.shortcut.0,element,5,False,False,32,e4m3
37,layer1.conv1,element,6,False,False,32,e4m3
37,layer2.conv1,element,6,False,False,32,e4m3
37,layer3.conv1,element,1,False,False,32,e4m3
37,layer2.conv1,element,4,False,False,32,e4m3
37,layer2.conv1,element,0,False,False,32,e4m3
37,layer3.shortcut.0,scale,1,False,False,32,e4m3
37,layer2.shortcut.0,element,3,False,False,32,e4m3
37,layer2.conv1,element,4,False,False,32,e4m3
37,layer3.shortcut.0,element,3,False,False,32,e4m3
37,layer1.conv2,element,6,False,False,32,e4m3
37,layer2.shortcut.0,element,7,False,False,32,e4m3
37,layer1.conv1,element,7,False,False,32,e4m3
37,layer1.conv2,element,6,False,False,32,e4m3
37,layer3.shortcut.0,element,0,False,False,32,e4m3
37,layer2.conv1,element,7,False,False,32,e4m3
37,layer1.conv2,element,4,False,False,32,e4m3
37,layer1.conv1,element,5,False,False,32,e4m3
37,layer2.conv1,element,3,False,False,32,e4m3
37,layer1.conv2,element,5,False,False,32,e4m3
37,layer2.conv1,element,7,False,False,32,e4m3
37,layer1.conv2,element,5,False,False,32,e4m3
37,layer1.conv2,element,0,False,False,32,e4m3
37,layer3.conv1,element,6,False,False,32,e4m3
37,layer3.conv1,element,3,False,False,32,e4m3
37,layer2.shortcut.0,element,7,False,False,32,e4m3
37,layer2.conv1,element,0,False,False,32,e4m3
37,layer2.conv1,element,4,False,False,32,e4m3
37,layer1.conv2,element,6,False,False,32,e4m3
37,layer2.conv1,element,1,False,False,32,e4m3
48,layer2.shortcut.0,element,6,False,False,32,e4m3
48,layer2.conv2,element,4,False,False,32,e4m3
48,layer3.shortcut.0,element,1,False,False,32,e4m3
48,layer2.shortcut.0,element,7,False,False,32,e4m3
48,layer1.conv2,element,2,False,False,32,e4m3
48,layer2.conv1,element,5,False,False,32,e4m3
48,layer2.shortcut.0,element,1,False,False,32,e4m3
48,layer2.conv2,element,0,False,False,32,e4m3
48,layer3.conv2,element,0,False,False,32,e4m3
48,layer1.conv1,scale,4,False,False,32,e4m3
48,layer2.conv2,scale,4,False,False,32,e4m3
48,layer3.conv1,element,5,False,False,32,e4m3
48,layer1.conv2,element,4,False,False,32,e4m3
48,layer2.shortcut.0,element,5,False,False,32,e4m3
48,layer2.conv1,element,2,False,False,32,e4m3
48,conv1,element,0,False,False,32,e4m3
48,layer3.conv1,element,3,False,False,32,e4m3
48,layer2.conv1,element,3,False,False,32,e4m3
48,layer2.conv2,element,2,False,False,32,e4m3
48,layer3.shortcut.0,element,5,False,False,32,e4m3
48,layer3.conv2,element,5,False,False,32,e4m3
48,layer3.conv1,element,4,False,False,32,e4m3
48,layer3.conv1,element,6,False,False,32,e4m3
48,layer2.shortcut.0,element,6,False,False,32,e4m3
48,layer1.conv1,element,5,False,False,32,e4m3
48,layer2.shortcut.0,element,0,False,False,32,e4m3
48,layer2.conv1,element,0,False,False,32,e4m3
48,layer2.conv1,element,0,False,False,32,e4m3
48,layer2.conv2,element,7,False,False,32,e4m3
48,layer1.conv2,scale,3,True,False,32,e4m3
48,layer3.conv2,element,2,False,False,32,e4m3
48,layer3.conv1,element,2,False,False,32,e4m3
48,layer2.conv1,scale,1,False,False,32,e4m3
48,layer2.conv2,element,0,False,False,32,e4m3
48,layer2.shortcut.0,element,1,False,False,32,e4m3
48,layer2.shortcut.0,element,3,False,False,32,e4m3
48,layer3.shortcut.0,element,3,False,False,32,e4m3
48,layer2.shortcut.0,element,5,False,False,32,e4m3
48,layer2.shortcut.0,element,3,False,False,32,e4m3
48,layer2.conv2,element,4,False,False,32,e4m3
48,layer2.shortcut.0,scale,3,False,False,32,e4m3
48,layer2.conv1,element,4,False,False,32,e4m3
48,layer1.conv1,element,2,False,False,32,e4m3
48,layer3.conv1,element,0,False,False,32,e4m3
48,layer1.conv2,element,3,False,False,32,e4m3
48,layer3.shortcut.0,element,1,False,False,32,e4m3
48,layer3.shortcut.0,element,1,False,False,32,e4m3
48,layer2.shortcut.0,element,3,False,False,32,e4m3
48,layer3.shortcut.0,element,1,False,False,32,e4m3
48,layer1.conv1,element,6,False,False,32,e4m3
48,layer2.shortcut.0,element,5,False,False,32,e4m3
48,layer2.conv1,element,4,False,False,32,e4m3
48,layer2.shortcut.0,element,4,False,False,32,e4m3
48,layer2.conv2,element,3,False,False,32,e4m3
48,layer1.conv2,element,2,False,False,32,e4m3
48,layer2.conv1,element,5,False,False,32,e4m3
48,layer1.conv1,element,7,False,False,32,e4m3
48,layer2.conv2,element,1,False,False,32,e4m3
48,layer1.conv2,element,7,False,False,32,e4m3
48,layer1.conv1,element,3,False,False,32,e4m3
48,layer2.shortcut.0,element,4,False,False,32,e4m3
48,layer1.conv1,element,0,False,False,32,e4m3
48,conv1,element,4,False,False,32,e4m3
48,layer2.conv2,element,5,False,False,32,e4m3
48,layer2.conv1,element,6,False,False,32,e4m3
48,layer1.conv2,element,3,False,False,32,e4m3
48,layer1.conv2,element,4,False,False,32,e4m3
48,layer2.conv1,element,2,False,False,32,e4m3
48,layer3.conv1,element,0,False,False,32,e4m3
48,layer3.shortcut.0,element,0,False,False,32,e4m3
48,layer3.conv2,element,1,False,False,32,e4m3
48,layer3.conv2,element,5,False,False,32,e4m3
48,layer2.conv1,element,0,False,False,32,e4m3
48,layer3.conv2,element,0,False,False,32,e4m3
48,layer1.conv2,element,6,False,False,32,e4m3
48,layer1.conv1,element,1,False,False,32,e4m3
48,layer1.conv2,element,2,False,False,32,e4m3
48,layer1.conv1,element,4,False,False,32,e4m3
48,layer2.conv2,element,6,False,False,32,e4m3
48,layer1.conv1,element,5,False,False,32,e4m3
6,layer2.shortcut.0,element,5,False,False,32,e4m3
6,layer3.conv2,element,6,False,False,32,e4m3
6,layer2.shortcut.0,element,5,False,False,32,e4m3
6,layer2.conv2,element,7,False,False,32,e4m3
6,layer3.conv1,element,5,False,False,32,e4m3
6,conv1,element,0,False,False,32,e4m3
6,layer2.conv1,element,2,False,False,32,e4m3
6,layer2.shortcut.0,element,2,False,False,32,e4m3
6,layer3.shortcut.0,element,0,False,False,32,e4m3
6,layer2.conv1,element,1,False,False,32,e4m3
6,layer2.shortcut.0,scale,1,False,False,32,e4m3
6,layer2.shortcut.0,scale,4,False,False,32,e4m3
6,layer1.conv1,element,0,False,False,32,e4m3
6,layer1.conv1,element,6,False,False,32,e4m3
6,conv1,element,4,False,False,32,e4m3
6,layer2.conv1,element,4,False,False,32,e4m3
6,layer3.conv2,element,5,False,False,32,e4m3
6,layer3.conv1,element,5,False,False,32,e4m3
6,layer1.conv2,element,6,False,False,32,e4m3
6,layer3.conv1,element,2,False,False,32,e4m3
6,layer3.conv1,element,6,False,False,32,e4m3
6,layer2.shortcut.0,element,0,False,False,32,e4m3
6,layer2.conv1,scale,0,False,False,32,e4m3
6,layer2.shortcut.0,element,4,False,False,32,e4m3
6,layer1.conv1,element,4,False,False,32,e4m3
6,layer1.conv1,element,7,False,False,32,e4m3
6,layer1.conv2,element,2,False,False,32,e4m3
6,layer3.conv2,element,2,True,False,32,e4m3
6,layer1.conv2,element,2,False,False,32,e4m3
6,layer2.shortcut.0,element,0,False,False,32,e4m3
6,layer1.conv1,element,2,False,False,32,e4m3
6,layer2.conv2,element,7,False,False,32,e4m3
6,layer2.shortcut.0,element,5,False,False,32,e4m3
6,layer3.conv1,element,5,False,False,32,e4m3
6,conv1,scale,4,False,False,32,e4m3
6,layer3.conv1,element,3,False,False,32,e4m3
6,layer3.conv1,element,2,False,False,32,e4m3
6,layer3.conv2,element,5,False,False,32,e4m3
6,layer3.conv2,element,2,False,False,32,e4m3
6,layer1.conv1,element,1,False,False,32,e4m3
6,layer1.conv1,element,4,False,False,32,e4m3
6,layer2.shortcut.0,element,1,False,False,32,e4m3
6,layer1.conv2,element,0,False,False,32,e4m3
6,layer1.conv1,element,1,False,False,32,e4m3
6,layer2.shortcut.0,element,5,False,False,32,e4m3
6,layer1.conv1,element,3,False,False,32,e4m3
6,layer1.conv1,element,7,False,False,32,e4m3
6,layer1.conv1,element,2,False,False,32,e4m3
6,layer1.conv2,scale,6,False,False,32,e4m3
6,layer1.conv2,element,5,False,False,32,e4m3
6,layer1.conv1,element,2,False,False,32,e4m3
6,layer3.conv1,element,0,False,False,32,e4m3
6,layer3.shortcut.0,element,7,False,False,32,e4m3
6,layer2.conv1,element,7,False,False,32,e4m3
6,layer1.conv2,element,7,False,False,32,e4m3
6,layer3.conv1,element,6,False,False,32,e4m3
6,layer2.shortcut.0,element,3,False,False,32,e4m3
6,layer2.conv1,element,2,False,False,32,e4m3
6,layer2.conv2,element,6,False,False,32,e4m3
6,layer2.conv2,element,4,False,False,32,e4m3
6,layer3.conv1,element,1,False,False,32,e4m3
6,layer1.conv1,scale,5,False,False,32,e4m3
6,layer1.conv1,element,6,False,False,32,e4m3
6,layer1.conv1,element,7,False,False,32,e4m3
6,layer2.shortcut.0,element,1,False,False,32,e4m3
6,layer2.conv1,element,0,False,False,32,e4m3
6,layer1.conv1,element,4,False,False,32,e4m3
6,layer3.conv2,element,0,False,False,32,e4m3
6,layer3.conv2,element,1,False,False,32,e4m3
6,layer3.conv2,element,5,False,False,32,e4m3
6,layer1.conv2,element,4,False,False,32,e4m3
6,layer2.conv2,element,4,False,False,32,e4m3
6,layer1.conv2,element,2,False,False,32,e4m3
6,layer2.conv1,scale,3,False,False,32,e4m3
6,layer2.shortcut.0,element,3,False,False,32,e4m3
6,layer2.conv2,element,6,False,False,32,e4m3
6,layer1.conv1,element,5,False,False,32,e4m3
6,layer3.conv1,element,3,False,False,32,e4m3
6,layer1.conv1,element,5,False,False,32,e4m3
6,layer1.conv1,element,0,False,False,32,e4m3
10,layer1.conv1,element,4,False,False,32,e4m3
10,layer1.conv2,element,0,False,False,32,e4m3
10,layer3.conv2,element,6,False,False,32,e4m3
10,layer2.conv1,element,2,False,False,32,e4m3
10,layer3.shortcut.0,element,2,False,False,32,e4m3
10,layer1.conv1,element,3,False,False,32,e4m3
10,layer2.shortcut.0,element,7,False,False,32,e4m3
10,layer1.conv2,element,7,False,False,32,e4m3
10,layer3.conv2,element,3,False,False,32,e4m3
10,layer2.shortcut.0,element,0,False,False,32,e4m3
10,layer2.conv1,element,2,False,False,32,e4m3
10,layer3.conv1,element,1,False,False,32,e4m3
10,layer3.conv1,element,2,False,False,32,e4m3
10,layer2.conv1,element,7,False,False,32,e4m3
10,layer3.conv2,element,2,False,False,32,e4m3
10,layer1.conv1,element,0,False,False,32,e4m3
10,layer2.shortcut.0,element,7,False,False,32,e4m3
10,layer1.conv2,element,1,False,False,32,e4m3
10,layer2.conv1,element,4,False,False,32,e4m3
10,layer3.conv1,element,4,False,False,32,e4m3
10,layer2.shortcut.0,element,0,False,False,32,e4m3
10,layer3.shortcut.0,element,2,False,False,32,e4m3
10,layer3.conv1,element,2,False,False,32,e4m3
10,layer1.conv2,element,0,False,False,32,e4m3
10,layer2.conv1,element,0,False,False,32,e4m3
10,layer2.conv1,element,1,False,False,32,e4m3
10,layer1.conv1,element,0,False,False,32,e4m3
10,layer1.conv1,element,5,False,False,32,e4m3
10,layer1.conv2,element,1,False,False,32,e4m3
10,layer2.conv1,element,3,False,False,32,e4m3
10,layer2.shortcut.0,scale,5,False,False,32,e4m3
10,layer1.conv1,element,3,False,False,32,e4m3
10,layer2.conv1,element,4,False,False,32,e4m3
10,layer3.conv2,element,0,False,False,32,e4m3
10,layer3.conv1,element,0,False,False,32,e4m3
10,layer1.conv1,element,5,False,False,32,e4m3
10,layer2.conv1,element,2,False,False,32,e4m3
10,layer3.conv1,element,7,False,False,32,e4m3
10,layer2.conv1,element,6,False,False,32,e4m3
10,layer1.conv2,element,5,False,False,32,e4m3
10,layer2.shortcut.0,element,7,False,False,32,e4m3
10,layer1.conv1,scale,6,False,False,32,e4m3
10,layer2.shortcut.0,element,6,False,False,32,e4m3
10,layer1.conv1,element,7,False,False,32,e4m3
10,layer2.conv2,element,2,False,False,32,e4m3
10,layer1.conv1,element,3,False,False,32,e4m3
10,layer1.conv2,element,0,False,False,32,e4m3
10,layer3.conv1,element,6,False,False,32,e4m3
10,layer2.conv1,element,3,False,False,32,e4m3
10,layer2.conv1,element,7,False,False,32,e4m3
10,layer1.conv2,element,6,False,False,32,e4m3
10,layer1.conv1,element,0,False,False,32,e4m3
10,layer2.shortcut.0,element,1,False,False,32,e4m3
10,layer3.conv1,element,3,False,False,32,e4m3
10,layer1.conv2,element,4,False,False,32,e4m3
10,layer2.shortcut.0,element,1,False,False,32,e4m3
10,layer2.shortcut.0,element,3,False,False,32,e4m3
10,layer1.conv2,element,2,False,False,32,e4m3
10,conv1,element,4,False,False,32,e4m3
10,layer2.conv2,element,0,False,False,32,e4m3
10,conv1,element,7,False,False,32,e4m3
10,layer1.conv2,element,3,False,False,32,e4m3
10,layer2.shortcut.0,element,5,False,False,32,e4m3
10,layer3.shortcut.0,element,5,False,False,32,e4m3
10,layer2.shortcut.0,element,6,False,False,32,e4m3
10,layer1.conv2,element,7,False,False,32,e4m3
10,layer2.conv1,element,2,False,False,32,e4m3
10,layer3.conv1,element,3,False,False,32,e4m3
10,layer2.conv1,element,3,False,False,32,e4m3
10,layer2.conv1,element,4,False,False,32,e4m3
10,layer2.conv1,element,7,False,False,32,e4m3
10,layer3.shortcut.0,element,4,False,False,32,e4m3
10,layer1.conv2,element,3,False,False,32,e4m3
10,layer1.conv2,element,1,False,False,32,e4m3
10,layer2.shortcut.0,element,1,False,False,32,e4m3
10,layer2.conv2,element,3,False,False,32,e4m3
10,layer2.shortcut.0,element,5,False,False,32,e4m3
10,layer3.conv1,element,7,False,False,32,e4m3
10,layer2.shortcut.0,element,5,False,False,32,e4m3
10,layer1.conv2,element,0,False,False,32,e4m3
71,layer2.shortcut.0,element,1,False,False,32,e4m3
71,layer3.shortcut.0,element,2,False,False,32,e4m3
71,layer1.conv1,element,7,False,False,32,e4m3
71,layer1.conv2,element,2,False,False,32,e4m3
71,layer2.conv1,element,5,False,False,32,e4m3
71,layer3.shortcut.0,element,1,False,False,32,e4m3
71,layer2.conv2,element,5,False,False,32,e4m3
71,layer1.conv1,element,4,False,False,32,e4m3
71,layer1.conv2,scale,0,False,False,32,e4m3
71,layer2.conv1,element,3,False,False,32,e4m3
71,layer2.shortcut.0,element,1,False,False,32,e4m3
71,layer1.conv2,element,4,False,False,32,e4m3
71,layer1.conv1,element,4,False,False,32,e4m3
71,layer1.conv2,element,0,False,False,32,e4m3
71,layer1.conv1,element,3,False,False,32,e4m3
71,conv1,element,5,False,False,32,e4m3
71,layer1.conv1,element,2,False,False,32,e4m3
71,layer3.conv1,element,7,False,False,32,e4m3
71,layer1.conv1,element,0,False,False,32,e4m3
71,layer2.shortcut.0,element,0,False,False,32,e4m3
71,layer2.shortcut.0,scale,1,False,False,32,e4m3
71,layer2.conv1,element,2,False,False,32,e4m3
71,layer2.shortcut.0,element,5,False,False,32,e4m3
71,layer1.conv1,element,2,False,False,32,e4m3
71,layer1.conv2,element,6,False,False,32,e4m3
71,layer2.conv1,element,7,False,False,32,e4m3
71,layer2.conv2,element,2,False,False,32,e4m3
71,layer2.conv1,element,1,False,False,32,e4m3
71,layer2.shortcut.0,element,6,False,False,32,e4m3
71,layer2.conv1,element,3,False,False,32,e4m3
71,layer2.shortcut.0,element,1,False,False,32,e4m3
71,layer3.shortcut.0,element,1,False,False,32,e4m3
71,layer1.conv2,element,4,False,False,32,e4m3
71,layer2.conv2,element,7,False,False,32,e4m3
71,layer2.conv1,element,3,False,False,32,e4m3
71,layer1.conv1,element,6,False,False,32,e4m3
71,layer2.conv2,element,6,False,False,32,e4m3
71,layer2.conv1,scale,4,False,False,32,e4m3
71,layer2.shortcut.0,element,1,False,False,32,e4m3
71,layer2.shortcut.0,scale,0,False,False,32,e4m3
71,layer1.conv1,element,1,False,False,32,e4m3
71,layer1.conv2,element,3,False,False,32,e4m3
71,layer1.conv1,scale,4,False,False,32,e4m3
71,layer1.conv2,element,1,False,False,32,e4m3
71,layer2.conv1,element,5,False,False,32,e4m3
71,layer2.conv2,scale,7,True,False,32,e4m3
71,layer2.conv1,element,6,False,False,32,e4m3
71,layer3.conv1,element,7,False,False,32,e4m3
71,layer1.conv2,element,5,False,False,32,e4m3
71,layer1.conv1,element,7,False,False,32,e4m3
71,layer3.conv2,element,2,True,False,32,e4m3
71,layer3.conv1,element,7,False,False,32,e4m3
71,layer3.conv1,element,6,False,False,32,e4m3
71,layer1.conv2,element,1,False,False,32,e4m3
71,layer1.conv2,element,0,False,False,32,e4m3
71,layer2.shortcut.0,element,3,False,False,32,e4m3
71,layer1.conv2,element,1,False,False,32,e4m3
71,layer1.conv1,element,7,False,False,32,e4m3
71,layer2.shortcut.0,element,0,False,False,32,e4m3
71,layer2.conv2,element,6,False,False,32,e4m3
71,layer1.conv1,element,4,False,False,32,e4m3
71,layer2.conv1,element,0,False,False,32,e4m3
71,layer2.conv2,element,4,False,False,32,e4m3
71,conv1,scale,3,True,False,32,e4m3
71,layer2.conv1,element,4,False,False,32,e4m3
71,layer2.conv2,element,0,False,False,32,e4m3
71,layer1.conv1,element,1,False,False,32,e4m3
71,layer2.conv2,element,1,False,False,32,e4m3
71,layer3.conv1,element,4,False,False,32,e4m3
71,layer2.shortcut.0,element,3,False,False,32,e4m3
71,layer2.conv1,element,1,False,False,32,e4m3
71,layer2.conv1,element,5,False,False,32,e4m3
71,layer3.shortcut.0,element,0,False,False,32,e4m3
71,layer3.shortcut.0,element,1,False,False,32,e4m3
71,layer2.shortcut.0,element,4,False,False,32,e4m3
71,layer1.conv2,element,3,False,False,32,e4m3
71,layer2.conv1,element,0,False,False,32,e4m3
71,layer1.conv1,element,1,False,False,32,e4m3
71,layer3.conv2,element,1,False,False,32,e4m3
71,layer3.conv1,element,6,False,False,32,e4m3
3,layer3.conv1,scale,7,True,False,32,e4m3
3,layer1.conv1,element,5,False,False,32,e4m3
3,layer1.conv2,element,5,False,False,32,e4m3
3,layer2.shortcut.0,element,6,False,False,32,e4m3
3,layer3.conv2,element,0,False,False,32,e4m3
3,layer1.conv2,element,4,False,False,32,e4m3
3,layer1.conv2,element,1,False,False,32,e4m3
3,layer2.conv2,element,7,False,False,32,e4m3
3,layer1.conv2,scale,1,False,False,32,e4m3
3,layer1.conv2,scale,0,False,False,32,e4m3
3,layer2.conv2,element,6,False,False,32,e4m3
3,layer1.conv1,element,4,False,False,32,e4m3
3,layer1.conv1,element,1,False,False,32,e4m3
3,layer2.conv1,element,0,False,False,32,e4m3
3,layer3.conv1,element,6,False,False,32,e4m3
3,layer3.conv1,element,4,False,False,32,e4m3
3,layer1.conv2,element,0,False,False,32,e4m3
3,layer1.conv2,element,2,False,False,32,e4m3
3,layer2.conv2,element,4,False,False,32,e4m3
3,layer3.conv1,element,3,False,False,32,e4m3
3,layer2.conv1,element,2,False,False,32,e4m3
3,layer1.conv2,element,3,False,False,32,e4m3
3,conv1,element,5,False,False,32,e4m3
3,layer1.conv2,element,1,False,False,32,e4m3
3,layer2.conv1,element,4,False,False,32,e4m3
3,layer2.conv1,element,3,False,False,32,e4m3
3,layer1.conv1,element,6,False,False,32,e4m3
3,layer2.conv2,element,4,False,False,32,e4m3
3,layer1.conv1,element,5,False,False,32,e4m3
3,layer2.conv1,element,7,False,False,32,e4m3
3,layer1.conv1,element,0,False,False,32,e4m3
3,layer3.conv2,element,1,False,False,32,e4m3
3,layer2.shortcut.0,element,6,False,False,32,e4m3
3,layer1.conv1,element,7,False,False,32,e4m3
3,layer2.shortcut.0,element,4,False,False,32,e4m3
3,layer2.shortcut.0,element,2,False,False,32,e4m3
3,layer3.conv1,element,3,False,False,32,e4m3
3,layer1.conv2,element,7,False,False,32,e4m3
3,layer2.conv1,element,4,False,False,32,e4m3
3,layer2.conv1,element,5,False,False,32,e4m3
3,layer3.shortcut.0,element,1,False,False,32,e4m3
3,layer3.conv1,element,1,False,False,32,e4m3
3,layer1.conv1,element,5,False,False,32,e4m3
3,layer2.shortcut.0,element,2,False,False,32,e4m3
3,layer2.shortcut.0,element,5,False,False,32,e4m3
3,layer2.shortcut.0,element,1,False,False,32,e4m3
3,conv1,element,7,True,False,32,e4m3
3,layer1.conv2,element,2,False,False,32,e4m3
3,layer1.conv1,element,6,False,False,32,e4m3
3,layer2.conv2,element,4,False,False,32,e4m3
3,layer2.conv1,element,5,False,False,32,e4m3
3,layer2.shortcut.0,element,6,False,False,32,e4m3
3,layer2.shortcut.0,element,2,False,False,32,e4m3
3,layer2.conv1,element,4,False,False,32,e4m3
3,layer2.conv1,element,2,False,False,32,e4m3
3,layer1.conv1,element,7,False,False,32,e4m3
3,layer2.shortcut.0,element,5,False,False,32,e4m3
3,layer2.conv2,element,0,False,False,32,e4m3
3,layer2.shortcut.0,element,7,False,False,32,e4m3
3,layer1.conv2,element,1,False,False,32,e4m3
3,layer2.conv1,element,6,False,False,32,e4m3
3,layer2.shortcut.0,element,7,False,False,32,e4m3
3,layer2.conv1,scale,3,False,False,32,e4m3
3,layer3.shortcut.0,element,6,False,False,32,e4m3
3,layer2.conv1,element,4,False,False,32,e4m3
3,layer3.shortcut.0,element,1,False,False,32,e4m3
3,layer1.conv2,element,1,False,False,32,e4m3
3,layer3.shortcut.0,element,6,False,False,32,e4m3
3,layer1.conv2,element,3,False,False,32,e4m3
3,layer1.conv1,element,6,False,False,32,e4m3
3,layer1.conv1,element,6,False,False,32,e4m3
3,layer2.conv1,element,1,False,False,32,e4m3
3,layer3.conv1,element,6,False,False,32,e4m3
3,layer1.conv1,element,3,False,False,32,e4m3
3,layer3.conv2,element,0,False,False,32,e4m3
3,layer2.conv1,element,7,False,False,32,e4m3
3,layer1.conv2,element,0,False,False,32,e4m3
3,layer2.conv1,element,2,False,False,32,e4m3
3,layer2.conv1,element,7,False,False,32,e4m3
3,layer2.conv1,element,7,False,False,32,e4m3
61,layer1.conv1,element,5,False,False,32,e4m3
61,layer3.shortcut.0,element,0,False,False,32,e4m3
61,layer2.shortcut.0,scale,2,False,False,32,e4m3
61,layer1.conv2,element,7,False,False,32,e4m3
61,layer2.conv1,scale,7,False,False,32,e4m3
61,layer1.conv1,element,7,False,False,32,e4m3
61,layer1.conv1,element,3,False,False,32,e4m3
61,layer1.conv1,element,1,False,False,32,e4m3
61,conv1,element,2,False,False,32,e4m3
61,layer3.conv1,element,4,False,False,32,e4m3
61,layer2.shortcut.0,element,2,False,False,32,e4m3
61,layer2.conv2,element,1,False,False,32,e4m3
61,layer1.conv1,element,5,False,False,32,e4m3
61,layer3.shortcut.0,element,0,False,False,32,e4m3
61,layer1.conv2,element,5,False,False,32,e4m3
61,layer3.conv1,element,3,False,False,32,e4m3
61,layer3.conv1,element,7,False,False,32,e4m3
61,layer1.conv1,element,2,False,False,32,e4m3
61,conv1,element,1,False,False,32,e4m3
61,layer2.shortcut.0,element,3,False,False,32,e4m3
61,layer2.conv1,element,7,False,False,32,e4m3
61,layer2.shortcut.0,element,7,False,False,32,e4m3
61,layer3.conv2,element,4,False,False,32,e4m3
61,layer2.conv1,scale,1,False,False,32,e4m3
61,layer2.shortcut.0,element,7,False,False,32,e4m3
61,layer1.conv1,element,3,False,False,32,e4m3
61,layer2.conv1,element,2,False,False,32,e4m3
61,layer2.conv2,element,3,False,False,32,e4m3
61,layer3.shortcut.0,element,6,False,False,32,e4m3
61,layer3.shortcut.0,element,3,False,False,32,e4m3
61,layer2.conv2,element,1,False,False,32,e4m3
61,layer3.conv2,element,7,False,False,32,e4m3
61,layer1.conv1,element,5,False,False,32,e4m3
61,layer2.shortcut.0,element,0,False,False,32,e4m3
61,layer2.shortcut.0,element,7,False,False,32,e4m3
61,layer3.conv1,element,7,False,False,32,e4m3
61,layer2.shortcut.0,element,3,False,False,32,e4m3
61,layer1.conv1,element,1,False,False,32,e4m3
61,layer3.conv2,element,7,False,False,32,e4m3
61,layer3.conv1,element,7,False,False,32,e4m3
61,layer2.conv1,element,3,False,False,32,e4m3
61,layer2.shortcut.0,element,3,False,False,32,e4m3
61,layer1.conv1,element,6,False,False,32,e4m3
61,layer2.shortcut.0,element,7,False,False,32,e4m3
61,layer2.conv1,element,7,False,False,32,e4m3
61,layer2.conv2,element,7,False,False,32,e4m3
61,layer2.conv1,element,4,False,False,32,e4m3
61,layer2.conv2,element,0,False,False,32,e4m3
61,layer3.shortcut.0,element,0,False,False,32,e4m3
61,layer1.conv1,element,7,False,False,32,e4m3
61,layer1.conv1,element,6,False,False,32,e4m3
61,layer2.shortcut.0,element,7,False,False,32,e4m3
61,layer1.conv1,element,7,False,False,32,e4m3
61,layer1.conv2,element,1,False,False,32,e4m3
61,layer3.conv2,element,1,False,False,32,e4m3
61,layer2.conv1,element,1,False,False,32,e4m3
61,layer2.conv1,element,0,False,False,32,e4m3
61,layer1.conv1,element,1,False,False,32,e4m3
61,layer1.conv2,element,5,False,False,32,e4m3
61,layer1.conv2,element,6,False,False,32,e4m3
61,layer1.conv1,element,6,False,False,32,e4m3
61,layer3.shortcut.0,element,1,False,False,32,e4m3
61,layer1.conv2,element,3,False,False,32,e4m3
61,layer1.conv1,element,0,False,False,32,e4m3
61,layer1.conv2,element,4,False,False,32,e4m3
61,layer2.conv2,element,7,False,False,32,e4m3
61,layer1.conv1,element,5,False,False,32,e4m3
61,layer2.conv1,element,6,False,False,32,e4m3
61,layer3.shortcut.0,element,6,False,False,32,e4m3
61,layer2.conv2,element,0,False,False,32,e4m3
61,layer1.conv1,element,2,False,False,32,e4m3
61,layer1.conv2,element,6,False,False,32,e4m3
61,layer2.shortcut.0,element,4,False,False,32,e4m3
61,layer2.conv1,element,7,False,False,32,e4m3
61,conv1,element,3,False,False,32,e4m3
61,layer1.conv1,element,1,False,False,32,e4m3
61,conv1,scale,5,False,False,32,e4m3
61,layer2.shortcut.0,element,3,False,False,32,e4m3
61,layer2.shortcut.0,element,5,False,False,32,e4m3
61,layer2.conv1,element,0,False,False,32,e4m3
54,layer1.conv2,element,6,False,False,32,e4m3
54,layer2.conv1,element,2,False,False,32,e4m3
54,layer2.conv1,element,5,False,False,32,e4m3
54,layer1.conv2,scale,3,True,False,32,e4m3
54,layer2.shortcut.0,element,2,False,False,32,e4m3
54,layer1.conv1,element,1,False,False,32,e4m3
54,layer1.conv1,element,2,False,False,32,e4m3
54,layer1.conv1,element,0,True,False,32,e4m3
54,layer3.shortcut.0,element,3,False,False,32,e4m3
54,layer2.shortcut.0,element,2,False,False,32,e4m3
54,layer3.conv2,element,4,False,False,32,e4m3
54,layer1.conv1,element,6,True,False,32,e4m3
54,layer1.conv1,scale,1,False,False,32,e4m3
54,layer1.conv2,element,7,True,False,32,e4m3
54,layer1.conv1,element,5,True,False,32,e4m3
54,layer2.shortcut.0,element,3,False,False,32,e4m3
54,layer3.conv1,element,2,True,False,32,e4m3
54,layer2.shortcut.0,element,3,False,False,32,e4m3
54,layer2.conv1,element,0,True,False,32,e4m3
54,layer2.shortcut.0,element,4,False,False,32,e4m3
54,layer2.conv1,element,7,False,False,32,e4m3
54,layer1.conv1,element,2,True,False,32,e4m3
54,conv1,element,1,False,False,32,e4m3
54,layer1.conv2,element,1,False,False,32,e4m3
54,layer2.conv1,element,2,True,False,32,e4m3
54,layer1.conv2,element,3,False,False,32,e4m3
54,layer2.shortcut.0,element,3,False,False,32,e4m3
54,layer1.conv1,element,5,False,False,32,e4m3
54,layer2.conv2,element,3,True,False,32,e4m3
54,layer2.shortcut.0,scale,6,False,False,32,e4m3
54,layer1.conv2,element,7,False,False,32,e4m3
54,layer2.shortcut.0,element,0,False,False,32,e4m3
54,layer2.conv1,element,7,False,False,32,e4m3
54,layer2.conv1,element,5,False,False,32,e4m3
54,layer1.conv1,element,2,False,False,32,e4m3
54,layer1.conv1,element,1,False,False,32,e4m3
54,layer2.conv1,scale,0,False,False,32,e4m3
54,layer1.conv1,element,4,False,False,32,e4m3
54,layer2.shortcut.0,element,5,False,False,32,e4m3
54,layer2.conv1,element,1,False,False,32,e4m3
54,layer2.conv1,element,4,True,False,32,e4m3
54,layer1.conv1,element,6,False,False,32,e4m3
54,layer2.conv2,element,0,False,False,32,e4m3
54,layer2.conv1,element,2,False,False,32,e4m3
54,layer2.conv1,element,3,True,False,32,e4m3
54,layer3.shortcut.0,element,1,False,False,32,e4m3
54,layer1.conv2,element,1,False,False,32,e4m3
54,layer1.conv2,element,1,False,False,32,e4m3
54,layer2.shortcut.0,element,5,False,False,32,e4m3
54,layer3.shortcut.0,element,7,False,False,32,e4m3
54,layer2.conv1,element,4,False,False,32,e4m3
54,layer1.conv1,element,0,True,False,32,e4m3
54,layer1.conv2,element,7,True,False,32,e4m3
54,layer2.conv2,element,6,True,False,32,e4m3
54,layer1.conv1,element,6,True,False,32,e4m3
54,layer2.conv1,element,1,True,False,32,e4m3
54,layer1.conv2,element,0,False,False,32,e4m3
54,layer2.shortcut.0,element,1,False,False,32,e4m3
54,layer2.conv1,element,5,False,False,32,e4m3
54,layer2.shortcut.0,element,2,False,False,32,e4m3
54,layer1.conv2,element,4,False,False,32,e4m3
54,layer3.conv2,scale,6,False,False,32,e4m3
54,layer2.conv1,element,4,False,False,32,e4m3
54,layer2.conv2,element,3,False,False,32,e4m3
54,layer2.conv1,element,3,False,False,32,e4m3
54,layer1.conv1,element,7,False,False,32,e4m3
54,layer2.shortcut.0,element,7,False,False,32,e4m3
54,layer2.shortcut.0,element,7,True,False,32,e4m3
54,layer2.shortcut.0,element,0,False,False,32,e4m3
54,layer2.conv2,element,1,False,False,32,e4m3
54,layer3.shortcut.0,element,1,False,False,32,e4m3
54,layer1.conv1,element,6,True,False,32,e4m3
54,layer2.conv1,element,5,True,False,32,e4m3
54,layer3.conv1,element,6,True,False,32,e4m3
54,layer2.shortcut.0,element,1,False,False,32,e4m3
54,layer1.conv2,element,2,False,False,32,e4m3
54,layer1.conv1,element,3,False,False,32,e4m3
54,layer1.conv2,element,1,False,False,32,e4m3
54,layer1.conv1,element,0,False,False,32,e4m3
54,layer3.shortcut.0,element,1,False,False,32,e4m3
96,layer1.conv2,element,4,False,False,32,e4m3
96,layer3.shortcut.0,element,4,False,False,32,e4m3
96,layer2.conv1,element,0,False,False,32,e4m3
96,layer1.conv1,element,7,False,False,32,e4m3
96,layer1.conv1,element,7,False,False,32,e4m3
96,layer1.conv2,element,4,False,False,32,e4m3
96,layer1.conv1,element,3,False,False,32,e4m3
96,layer1.conv1,scale,2,False,False,32,e4m3
96,layer2.conv2,element,3,False,False,32,e4m3
96,layer3.shortcut.0,element,1,False,False,32,e4m3
96,layer3.conv1,element,2,False,False,32,e4m3
96,layer3.shortcut.0,element,0,False,False,32,e4m3
96,layer2.conv1,element,7,False,False,32,e4m3
96,layer2.conv1,element,2,False,False,32,e4m3
96,layer2.shortcut.0,element,5,False,False,32,e4m3
96,layer1.conv1,element,1,False,False,32,e4m3
96,layer2.shortcut.0,element,6,False,False,32,e4m3
96,layer1.conv2,element,6,False,False,32,e4m3
96,layer2.shortcut.0,element,1,False,False,32,e4m3
96,layer2.conv1,element,0,False,False,32,e4m3
96,layer2.shortcut.0,element,4,False,False,32,e4m3
96,layer1.conv1,element,3,False,False,32,e4m3
96,layer1.conv1,element,1,False,False,32,e4m3
96,layer1.conv2,element,2,False,False,32,e4m3
96,layer1.conv2,element,4,False,False,32,e4m3
96,layer2.shortcut.0,element,0,False,False,32,e4m3
96,layer1.conv2,element,2,False,False,32,e4m3
96,layer1.conv2,element,7,False,False,32,e4m3
96,layer1.conv1,element,5,False,False,32,e4m3
96,layer3.conv2,element,1,False,False,32,e4m3
96,layer2.conv1,scale,0,False,False,32,e4m3
96,layer1.conv2,element,4,False,False,32,e4m3
96,layer2.conv1,element,6,False,False,32,e4m3
96,layer1.conv2,element,4,False,False,32,e4m3
96,layer2.conv2,element,0,False,False,32,e4m3
96,layer1.conv1,element,3,False,False,32,e4m3
96,conv1,element,5,False,False,32,e4m3
96,layer2.conv1,element,7,False,False,32,e4m3
96,layer2.conv1,element,6,False,False,32,e4m3
96,layer1.conv2,element,6,False,False,32,e4m3
96,layer2.conv2,element,7,False,False,32,e4m3
96,layer1.conv1,element,3,False,False,32,e4m3
96,layer2.shortcut.0,element,3,False,False,32,e4m3
96,layer3.shortcut.0,element,0,False,False,32,e4m3
96,layer3.conv1,element,7,False,False,32,e4m3
96,layer2.conv1,element,6,False,False,32,e4m3
96,layer3.conv1,element,0,False,False,32,e4m3
96,layer2.shortcut.0,element,3,False,False,32,e4m3
96,conv1,scale,7,True,False,32,e4m3
96,layer3.conv2,element,6,False,False,32,e4m3
96,layer3.conv1,element,0,False,False,32,e4m3
96,layer2.shortcut.0,element,2,False,False,32,e4m3
96,layer3.conv2,element,7,False,False,32,e4m3
96,layer1.conv1,element,1,False,False,32,e4m3
96,layer3.conv1,element,5,False,False,32,e4m3
96,layer2.shortcut.0,element,1,False,False,32,e4m3
96,layer1.conv1,element,3,False,False,32,e4m3
96,layer2.shortcut.0,element,0,False,False,32,e4m3
96,layer2.shortcut.0,element,4,False,False,32,e4m3
96,layer1.conv1,element,4,False,False,32,e4m3
96,conv1,scale,5,False,False,32,e4m3
96,layer2.conv2,element,5,False,False,32,e4m3
96,layer2.shortcut.0,element,5,False,False,32,e4m3
96,layer3.shortcut.0,element,0,False,False,32,e4m3
96,layer3.conv1,element,4,False,False,32,e4m3
96,layer3.conv1,element,2,False,False,32,e4m3
96,layer2.shortcut.0,element,0,False,False,32,e4m3
96,layer2.conv2,element,2,False,False,32,e4m3
96,conv1,element,3,False,False,32,e4m3
96,layer1.conv2,scale,2,False,False,32,e4m3
96,layer1.conv1,element,7,False,False,32,e4m3
96,layer1.conv2,element,5,False,False,32,e4m3
96,layer2.shortcut.0,element,7,False,False,32,e4m3
96,layer2.shortcut.0,element,1,False,False,32,e4m3
96,layer2.conv1,element,5,False,False,32,e4m3
96,layer2.conv1,element,2,False,False,32,e4m3
96,layer2.shortcut.0,element,1,False,False,32,e4m3
96,layer3.conv2,element,4,False,False,32,e4m3
96,layer1.conv1,scale,3,False,False,32,e4m3
96,layer3.conv2,element,3,False,False,32,e4m3
99,layer1.conv2,element,1,False,False,32,e4m3
99,layer1.conv2,element,6,False,False,32,e4m3
99,layer2.shortcut.0,element,3,False,False,32,e4m3
99,layer3.conv1,element,5,False,False,32,e4m3
99,layer2.shortcut.0,element,0,False,False,32,e4m3
99,layer2.conv2,element,7,False,False,32,e4m3
99,layer3.conv1,element,5,False,False,32,e4m3
99,layer2.shortcut.0,element,6,False,False,32,e4m3
99,layer2.conv1,element,5,False,False,32,e4m3
99,layer3.conv1,element,4,False,False,32,e4m3
99,layer1.conv1,element,6,False,False,32,e4m3
99,layer1.conv1,scale,0,False,False,32,e4m3
99,layer3.conv1,element,0,False,False,32,e4m3
99,layer3.conv1,element,4,False,False,32,e4m3
99,layer1.conv2,element,0,False,False,32,e4m3
99,layer1.conv2,scale,7,True,False,32,e4m3
99,layer3.conv2,element,4,False,False,32,e4m3
99,layer1.conv1,element,4,False,False,32,e4m3
99,layer2.conv1,element,0,False,False,32,e4m3
99,layer3.conv1,element,1,False,False,32,e4m3
99,layer1.conv1,element,3,False,False,32,e4m3
99,layer3.conv2,element,4,False,False,32,e4m3
99,layer1.conv2,element,2,False,False,32,e4m3
99,layer1.conv2,element,4,False,False,32,e4m3
99,layer2.conv1,element,3,False,False,32,e4m3
99,layer3.shortcut.0,element,4,False,False,32,e4m3
99,layer2.shortcut.0,element,5,False,False,32,e4m3
99,layer1.conv2,element,4,False,False,32,e4m3
99,layer1.conv2,element,1,False,False,32,e4m3
99,conv1,scale,6,False,False,32,e4m3
99,layer1.conv1,element,3,False,False,32,e4m3
99,layer1.conv1,element,5,False,False,32,e4m3
99,conv1,element,4,False,False,32,e4m3
99,layer3.conv1,element,3,False,False,32,e4m3
99,layer2.conv1,element,5,False,False,32,e4m3
99,layer2.conv1,element,5,False,False,32,e4m3
99,layer2.shortcut.0,scale,3,False,False,32,e4m3
99,layer1.conv2,element,6,False,False,32,e4m3
99,layer1.conv2,element,2,False,False,32,e4m3
99,layer1.conv2,element,4,False,False,32,e4m3
99,layer1.conv1,element,4,False,False,32,e4m3
99,layer3.conv1,element,2,False,False,32,e4m3
99,layer2.conv2,element,0,False,False,32,e4m3
99,layer2.conv1,scale,1,False,False,32,e4m3
99,layer2.conv1,element,5,False,False,32,e4m3
99,layer2.shortcut.0,element,7,False,False,32,e4m3
99,layer1.conv1,element,4,False,False,32,e4m3
99,layer1.conv1,element,6,False,False,32,e4m3
99,layer3.conv2,element,5,False,False,32,e4m3
99,layer3.conv2,element,3,False,False,32,e4m3
99,layer2.conv1,element,4,False,False,32,e4m3
99,layer2.conv1,element,7,False,False,32,e4m3
99,layer1.conv1,element,7,False,False,32,e4m3
99,layer3.conv1,element,1,False,False,32,e4m3
99,layer1.conv2,element,6,False,False,32,e4m3
99,layer2.shortcut.0,element,0,False,False,32,e4m3
99,layer2.conv1,element,4,False,False,32,e4m3
99,layer1.conv2,element,7,False,False,32,e4m3
99,layer1.conv1,element,0,False,False,32,e4m3
99,layer2.shortcut.0,element,6,False,False,32,e4m3
99,layer1.conv2,element,0,False,False,32,e4m3
99,layer2.conv1,element,2,False,False,32,e4m3
99,layer1.conv1,element,7,False,False,32,e4m3
99,layer1.conv2,element,3,False,False,32,e4m3
99,layer2.conv2,element,1,False,False,32,e4m3
99,layer3.conv1,element,7,False,False,32,e4m3
99,layer2.conv1,element,7,False,False,32,e4m3
99,layer2.shortcut.0,element,3,False,False,32,e4m3
99,layer2.shortcut.0,element,7,False,False,32,e4m3
99,layer1.conv2,element,3,False,False,32,e4m3
99,layer1.conv1,element,4,False,False,32,e4m3
99,layer1.conv1,element,2,False,False,32,e4m3
99,conv1,element,5,False,False,32,e4m3
99,layer2.shortcut.0,element,6,False,False,32,e4m3
99,layer1.conv1,element,5,False,False,32,e4m3
99,layer1.conv2,element,5,False,False,32,e4m3
99,layer3.conv1,element,2,False,False,32,e4m3
99,layer1.conv1,element,6,False,False,32,e4m3
99,layer2.conv1,element,1,False,False,32,e4m3
99,layer3.shortcut.0,element,4,False,False,32,e4m3
87,layer3.conv2,element,5,False,False,32,e4m3
87,layer3.conv2,element,0,False,False,32,e4m3
87,layer2.shortcut.0,element,4,False,False,32,e4m3
87,layer2.shortcut.0,element,3,False,False,32,e4m3
87,layer2.conv2,element,6,False,False,32,e4m3
87,layer2.conv1,element,3,False,False,32,e4m3
87,layer1.conv1,element,1,False,False,32,e4m3
87,layer3.shortcut.0,element,0,False,False,32,e4m3
87,conv1,scale,2,False,False,32,e4m3
87,layer2.shortcut.0,element,4,False,False,32,e4m3
87,layer1.conv2,element,0,False,False,32,e4m3
87,layer3.shortcut.0,element,7,False,False,32,e4m3
87,layer1.conv1,element,7,False,False,32,e4m3
87,layer2.shortcut.0,element,3,False,False,32,e4m3
87,layer1.conv1,element,5,False,False,32,e4m3
87,layer2.conv1,element,0,False,False,32,e4m3
87,layer2.shortcut.0,element,1,False,False,32,e4m3
87,layer1.conv1,element,4,False,False,32,e4m3
87,layer1.conv2,element,2,False,False,32,e4m3
87,layer3.conv2,element,0,False,False,32,e4m3
87,layer3.conv1,element,5,False,False,32,e4m3
87,layer3.shortcut.0,element,5,False,False,32,e4m3
87,layer1.conv2,element,2,False,False,32,e4m3
87,layer2.conv1,element,7,False,False,32,e4m3
87,layer2.shortcut.0,element,5,False,False,32,e4m3
87,layer3.shortcut.0,element,6,False,False,32,e4m3
87,layer1.conv2,element,2,False,False,32,e4m3
87,layer1.conv2,element,4,False,False,32,e4m3
87,layer1.conv2,element,1,False,False,32,e4m3
87,layer2.shortcut.0,element,5,False,False,32,e4m3
87,layer3.conv2,element,0,False,False,32,e4m3
87,layer2.conv2,element,5,False,False,32,e4m3
87,layer1.conv2,element,4,False,False,32,e4m3
87,layer3.conv1,element,0,False,False,32,e4m3
87,layer2.shortcut.0,element,6,False,False,32,e4m3
87,layer1.conv1,element,7,False,False,32,e4m3
87,layer1.conv1,element,0,False,False,32,e4m3
87,layer3.shortcut.0,element,1,False,False,32,e4m3
87,layer2.shortcut.0,element,4,False,False,32,e4m3
87,layer3.conv1,element,0,False,False,32,e4m3
87,layer2.conv2,element,6,False,False,32,e4m3
87,layer3.conv2,element,6,False,False,32,e4m3
87,layer1.conv1,element,3,False,False,32,e4m3
87,layer2.conv2,element,3,False,False,32,e4m3
87,layer3.shortcut.0,element,5,False,False,32,e4m3
87,layer2.shortcut.0,element,3,False,False,32,e4m3
87,layer1.conv2,element,6,False,False,32,e4m3
87,layer2.conv1,element,6,False,False,32,e4m3
87,layer3.shortcut.0,scale,5,False,False,32,e4m3
87,layer1.conv1,element,7,False,False,32,e4m3
87,layer2.conv1,element,3,False,False,32,e4m3
87,layer1.conv2,element,5,False,False,32,e4m3
87,layer2.conv1,element,0,False,False,32,e4m3
87,layer1.conv1,element,3,False,False,32,e4m3
87,layer1.conv1,element,7,False,False,32,e4m3
87,layer1.conv2,element,5,False,False,32,e4m3
87,conv1,element,6,False,False,32,e4m3
87,layer2.conv1,scale,3,False,False,32,e4m3
87,layer1.conv2,element,3,False,False,32,e4m3
87,layer3.conv1,element,0,False,False,32,e4m3
87,layer2.conv1,scale,5,False,False,32,e4m3
87,layer2.shortcut.0,element,1,False,False,32,e4m3
87,layer2.conv2,element,6,False,False,32,e4m3
87,layer3.conv1,element,6,False,False,32,e4m3
87,layer2.conv2,element,6,False,False,32,e4m3
87,layer3.conv1,element,4,False,False,32,e4m3
87,layer3.conv2,element,2,False,False,32,e4m3
87,layer2.conv1,element,6,False,False,32,e4m3
87,layer1.conv2,element,6,False,False,32,e4m3
87,layer2.conv1,element,3,False,False,32,e4m3
87,layer1.conv1,element,6,False,False,32,e4m3
87,layer1.conv2,element,0,False,False,32,e4m3
87,layer2.shortcut.0,element,2,False,False,32,e4m3
87,layer1.conv2,scale,2,False,False,32,e4m3
87,layer1.conv1,element,0,False,False,32,e4m3
87,layer1.conv1,element,7,False,False,32,e4m3
87,layer1.conv1,element,2,False,False,32,e4m3
87,layer1.conv2,element,0,False,False,32,e4m3
87,layer2.conv2,element,5,False,False,32,e4m3
87,conv1,element,4,False,False,32,e4m3
68,layer2.conv1,element,2,False,False,32,e4m3
68,layer1.conv2,element,5,False,False,32,e4m3
68,layer2.conv1,element,4,False,False,32,e4m3
68,layer2.shortcut.0,element,3,False,False,32,e4m3
68,layer3.shortcut.0,element,4,False,False,32,e4m3
68,layer1.conv2,element,4,False,False,32,e4m3
68,layer1.conv2,element,3,False,False,32,e4m3
68,layer3.shortcut.0,element,6,False,False,32,e4m3
68,layer3.shortcut.0,element,5,False,False,32,e4m3
68,layer3.shortcut.0,element,0,False,False,32,e4m3
68,layer1.conv2,element,6,False,False,32,e4m3
68,layer1.conv2,element,6,False,False,32,e4m3
68,layer3.conv1,element,5,False,False,32,e4m3
68,layer1.conv1,element,2,False,False,32,e4m3
68,layer2.shortcut.0,element,3,False,False,32,e4m3
68,layer1.conv2,element,3,False,False,32,e4m3
68,layer1.conv1,element,1,False,False,32,e4m3
68,layer2.conv2,element,0,False,False,32,e4m3
68,layer3.conv1,element,2,False,False,32,e4m3
68,layer2.conv2,element,7,False,False,32,e4m3
68,layer2.shortcut.0,element,0,False,False,32,e4m3
68,layer3.conv1,element,1,False,False,32,e4m3
68,layer3.conv2,element,7,False,False,32,e4m3
68,layer3.shortcut.0,element,3,False,False,32,e4m3
68,layer1.conv2,element,2,False,False,32,e4m3
68,layer2.conv1,scale,3,True,False,32,e4m3
68,layer2.shortcut.0,element,4,False,False,32,e4m3
68,layer2.shortcut.0,element,3,False,False,32,e4m3
68,layer2.conv1,element,4,False,False,32,e4m3
68,layer2.conv2,element,6,True,False,32,e4m3
68,layer1.conv1,scale,5,False,False,32,e4m3
68,layer1.conv2,element,3,False,False,32,e4m3
68,layer1.conv1,element,5,True,False,32,e4m3
68,layer1.conv2,element,6,True,False,32,e4m3
68,layer1.conv2,element,1,False,False,32,e4m3
68,layer1.conv1,element,2,False,False,32,e4m3
68,layer1.conv1,element,3,True,False,32,e4m3
68,layer1.conv2,element,0,True,False,32,e4m3
68,layer2.conv2,element,4,False,False,32,e4m3
68,conv1,scale,7,True,False,32,e4m3
68,layer2.conv2,element,0,True,False,32,e4m3
68,layer1.conv1,element,2,False,False,32,e4m3
68,layer2.conv1,element,0,True,False,32,e4m3
68,layer2.conv2,element,3,False,False,32,e4m3
68,layer1.conv2,scale,6,False,False,32,e4m3
68,layer1.conv2,element,1,True,False,32,e4m3
68,layer2.conv1,scale,2,True,False,32,e4m3
68,layer1.conv1,scale,0,False,False,32,e4m3
68,layer1.conv2,element,7,False,False,32,e4m3
68,layer2.conv2,element,0,False,False,32,e4m3
68,layer2.conv2,element,7,False,False,32,e4m3
68,conv1,element,7,False,False,32,e4m3
68,layer3.conv1,element,3,False,False,32,e4m3
68,conv1,element,7,True,False,32,e4m3
68,layer2.shortcut.0,element,3,False,False,32,e4m3
68,layer1.conv1,element,2,False,False,32,e4m3
68,layer2.conv2,element,3,False,False,32,e4m3
68,layer2.conv2,element,2,False,False,32,e4m3
68,layer1.conv2,element,1,False,False,32,e4m3
68,conv1,scale,4,True,False,32,e4m3
68,layer3.shortcut.0,element,6,False,False,32,e4m3
68,layer3.shortcut.0,element,4,False,False,32,e4m3
68,layer1.conv2,element,0,False,False,32,e4m3
68,layer2.conv1,element,5,True,False,32,e4m3
68,layer2.conv2,element,0,False,False,32,e4m3
68,layer3.conv2,element,1,False,False,32,e4m3
68,layer1.conv1,element,5,False,False,32,e4m3
68,layer2.shortcut.0,element,1,False,False,32,e4m3
68,layer1.conv2,element,0,False,False,32,e4m3
68,layer3.shortcut.0,element,3,False,False,32,e4m3
68,layer2.conv1,element,4,False,False,32,e4m3
68,layer2.conv1,element,0,True,False,32,e4m3
68,layer3.conv1,element,1,False,False,32,e4m3
68,layer3.shortcut.0,element,2,False,False,32,e4m3
68,layer2.conv1,element,7,False,False,32,e4m3
68,layer1.conv2,element,2,False,False,32,e4m3
68,layer3.conv1,element,5,False,False,32,e4m3
68,layer3.shortcut.0,element,6,False,False,32,e4m3
68,layer2.shortcut.0,element,5,False,False,32,e4m3
68,layer2.conv1,element,3,False,False,32,e4m3
8,layer3.shortcut.0,element,1,False,False,32,e4m3
8,layer1.conv2,scale,5,False,False,32,e4m3
8,layer2.conv2,element,6,False,False,32,e4m3
8,layer3.shortcut.0,element,7,False,False,32,e4m3
8,layer1.conv2,element,7,False,False,32,e4m3
8,layer1.conv1,element,4,False,False,32,e4m3
8,layer2.conv1,element,5,False,False,32,e4m3
8,layer2.conv2,element,7,False,False,32,e4m3
8,layer1.conv2,element,1,False,False,32,e4m3
8,layer1.conv2,element,5,False,False,32,e4m3
8,layer2.conv1,element,7,False,False,32,e4m3
8,layer2.shortcut.0,element,4,False,False,32,e4m3
8,layer2.conv1,element,2,False,False,32,e4m3
8,layer1.conv1,element,2,False,False,32,e4m3
8,layer2.shortcut.0,element,5,False,False,32,e4m3
8,layer1.conv1,element,5,False,False,32,e4m3
8,layer1.conv2,element,3,False,False,32,e4m3
8,layer1.conv1,element,5,False,False,32,e4m3
8,layer2.shortcut.0,element,3,False,False,32,e4m3
8,layer2.shortcut.0,element,4,False,False,32,e4m3
8,layer1.conv2,element,1,False,False,32,e4m3
8,layer2.shortcut.0,element,2,False,False,32,e4m3
8,layer3.conv1,scale,6,False,False,32,e4m3
8,layer1.conv1,element,2,False,False,32,e4m3
8,layer1.conv2,element,6,False,False,32,e4m3
8,layer1.conv1,element,1,False,False,32,e4m3
8,layer2.conv1,element,4,False,False,32,e4m3
8,layer2.conv1,element,4,False,False,32,e4m3
8,layer3.conv1,element,5,False,False,32,e4m3
8,layer3.conv1,element,4,False,False,32,e4m3
8,layer1.conv1,element,3,False,False,32,e4m3
8,conv1,scale,3,True,False,32,e4m3
8,layer2.shortcut.0,element,7,False,False,32,e4m3
8,conv1,element,0,False,False,32,e4m3
8,layer2.shortcut.0,element,4,False,False,32,e4m3
8,layer2.shortcut.0,element,5,False,False,32,e4m3
8,layer1.conv1,element,1,False,False,32,e4m3
8,layer2.conv1,element,4,False,False,32,e4m3
8,layer3.shortcut.0,element,4,False,False,32,e4m3
8,layer2.conv1,element,4,False,False,32,e4m3
8,layer1.conv1,element,7,False,False,32,e4m3
8,layer2.conv1,element,5,False,False,32,e4m3
8,layer2.conv2,element,1,False,False,32,e4m3
8,layer1.conv2,element,6,False,False,32,e4m3
8,layer3.shortcut.0,element,6,False,False,32,e4m3
8,layer1.conv1,element,5,False,False,32,e4m3
8,layer1.conv1,element,3,False,False,32,e4m3
8,layer2.shortcut.0,element,2,False,False,32,e4m3
8,layer3.shortcut.0,element,1,False,False,32,e4m3
8,layer3.shortcut.0,element,0,False,False,32,e4m3
8,layer3.conv1,element,1,False,False,32,e4m3
8,layer2.shortcut.0,element,6,False,False,32,e4m3
8,layer3.shortcut.0,element,4,False,False,32,e4m3
8,layer1.conv1,element,1,False,False,32,e4m3
8,layer1.conv2,element,1,False,False,32,e4m3
8,layer1.conv1,element,4,False,False,32,e4m3
8,layer1.conv2,element,0,False,False,32,e4m3
8,layer2.conv2,element,6,False,False,32,e4m3
8,conv1,element,6,False,False,32,e4m3
8,layer1.conv2,element,3,False,False,32,e4m3
8,layer1.conv1,element,5,False,False,32,e4m3
8,layer1.conv1,element,4,False,False,32,e4m3
8,layer1.conv1,element,5,False,False,32,e4m3
8,layer1.conv1,element,5,False,False,32,e4m3
8,layer3.conv1,element,5,False,False,32,e4m3
8,layer3.conv1,element,6,False,False,32,e4m3
8,layer1.conv1,element,1,False,False,32,e4m3
8,layer3.conv1,element,0,False,False,32,e4m3
8,layer1.conv2,element,7,False,False,32,e4m3
8,layer1.conv1,element,7,False,False,32,e4m3
8,layer2.shortcut.0,element,6,False,False,32,e4m3
8,layer2.conv2,element,7,False,False,32,e4m3
8,layer2.conv1,element,0,False,False,32,e4m3
8,layer3.shortcut.0,element,2,False,False,32,e4m3
8,layer3.conv1,element,1,False,False,32,e4m3
8,layer1.conv2,element,6,False,False,32,e4m3
8,layer3.conv1,element,0,False,False,32,e4m3
8,layer1.conv1,element,1,False,False,32,e4m3
8,layer3.conv1,element,1,False,False,32,e4m3
8,layer1.conv2,element,4,False,False,32,e4m3
64,layer1.conv1,element,5,False,False,32,e4m3
64,layer2.shortcut.0,element,7,False,False,32,e4m3
64,layer1.conv1,element,7,False,False,32,e4m3
64,layer1.conv2,element,3,False,False,32,e4m3
64,layer3.conv1,element,5,False,False,32,e4m3
64,layer2.conv1,element,3,False,False,32,e4m3
64,layer2.shortcut.0,element,3,False,False,32,e4m3
64,layer2.conv1,element,4,False,False,32,e4m3
64,layer2.conv1,element,4,False,False,32,e4m3
64,layer1.conv2,element,6,False,False,32,e4m3
64,layer3.shortcut.0,element,1,False,False,32,e4m3
64,layer3.conv1,element,7,False,False,32,e4m3
64,layer3.shortcut.0,element,0,False,False,32,e4m3
64,layer2.conv1,element,3,False,False,32,e4m3
64,layer3.shortcut.0,element,3,False,False,32,e4m3
64,layer2.shortcut.0,element,3,False,False,32,e4m3
64,layer3.shortcut.0,element,7,False,False,32,e4m3
64,layer3.conv1,element,1,False,False,32,e4m3
64,fc,element,4,True,False,32,e4m3
64,layer1.conv1,element,0,False,False,32,e4m3
64,layer1.conv2,element,0,False,False,32,e4m3
64,layer1.conv1,element,6,False,False,32,e4m3
64,layer1.conv1,element,5,False,False,32,e4m3
64,layer2.shortcut.0,element,2,False,False,32,e4m3
64,layer2.conv1,element,0,False,False,32,e4m3
64,layer2.conv1,element,7,False,False,32,e4m3
64,conv1,element,2,False,False,32,e4m3
64,layer2.shortcut.0,element,3,False,False,32,e4m3
64,layer2.conv1,element,2,False,False,32,e4m3
64,layer2.shortcut.0,element,2,False,False,32,e4m3
64,layer1.conv1,scale,6,False,False,32,e4m3
64,layer2.conv2,element,2,False,False,32,e4m3
64,layer2.conv1,element,0,False,False,32,e4m3
64,layer2.conv2,element,5,False,False,32,e4m3
64,layer1.conv1,element,1,False,False,32,e4m3
64,layer2.conv1,element,1,False,False,32,e4m3
64,layer2.conv2,element,6,False,False,32,e4m3
64,layer2.shortcut.0,element,5,False,False,32,e4m3
64,layer2.conv1,element,2,False,False,32,e4m3
64,layer3.shortcut.0,element,6,False,False,32,e4m3
64,layer2.shortcut.0,element,4,False,False,32,e4m3
64,layer1.conv2,element,3,False,False,32,e4m3
64,layer2.conv1,scale,4,False,False,32,e4m3
64,layer2.conv1,element,0,False,False,32,e4m3
64,layer2.conv1,element,7,False,False,32,e4m3
64,layer1.conv2,element,5,False,False,32,e4m3
64,layer1.conv1,element,1,False,False,32,e4m3
64,layer2.conv1,element,0,False,False,32,e4m3
64,layer2.conv1,element,3,False,False,32,e4m3
64,layer2.conv1,element,2,False,False,32,e4m3
64,layer3.shortcut.0,element,1,False,False,32,e4m3
64,layer1.conv2,element,1,False,False,32,e4m3
64,layer2.conv2,element,0,False,False,32,e4m3
64,layer3.shortcut.0,element,4,False,False,32,e4m3
64,layer1.conv2,element,4,False,False,32,e4m3
64,layer1.conv1,element,1,False,False,32,e4m3
64,fc,element,1,False,False,32,e4m3
64,layer1.conv2,element,3,False,False,32,e4m3
64,layer3.conv2,element,7,False,False,32,e4m3
64,layer3.shortcut.0,element,6,False,False,32,e4m3
64,layer2.conv1,element,4,False,False,32,e4m3
64,layer1.conv2,element,6,False,False,32,e4m3
64,layer2.conv2,element,4,False,False,32,e4m3
64,layer2.conv1,element,7,False,False,32,e4m3
64,layer3.shortcut.0,element,4,False,False,32,e4m3
64,layer3.conv1,element,3,False,False,32,e4m3
64,layer1.conv1,element,2,False,False,32,e4m3
64,layer1.conv2,element,3,False,False,32,e4m3
64,layer1.conv1,element,7,False,False,32,e4m3
64,layer1.conv1,scale,4,False,False,32,e4m3
64,layer2.shortcut.0,element,7,False,False,32,e4m3
64,layer3.conv1,element,0,False,False,32,e4m3
64,layer2.conv2,element,7,False,False,32,e4m3
64,layer3.shortcut.0,element,2,False,False,32,e4m3
64,conv1,element,3,False,False,32,e4m3
64,layer2.conv1,element,5,False,False,32,e4m3
64,layer2.conv2,element,3,False,False,32,e4m3
64,layer2.conv1,element,5,False,False,32,e4m3
64,layer3.conv1,element,0,False,False,32,e4m3
64,layer3.conv2,element,5,False,False,32,e4m3
14,layer2.shortcut.0,element,6,False,False,32,e4m3
14,layer2.conv1,element,3,False,False,32,e4m3
14,layer3.conv1,element,4,False,False,32,e4m3
14,layer1.conv2,element,7,False,False,32,e4m3
14,layer2.conv1,element,1,False,False,32,e4m3
14,layer1.conv2,element,5,False,False,32,e4m3
14,layer1.conv2,element,3,False,False,32,e4m3
14,layer1.conv2,element,4,False,False,32,e4m3
14,layer3.shortcut.0,element,1,False,False,32,e4m3
14,layer1.conv1,element,2,False,False,32,e4m3
14,layer3.shortcut.0,element,6,False,False,32,e4m3
14,layer3.shortcut.0,element,6,False,False,32,e4m3
14,layer2.conv2,element,0,False,False,32,e4m3
14,layer2.conv2,element,7,False,False,32,e4m3
14,layer1.conv2,element,3,False,False,32,e4m3
14,layer1.conv2,element,7,False,False,32,e4m3
14,layer1.conv2,element,6,False,False,32,e4m3
14,layer1.conv1,element,1,False,False,32,e4m3
14,layer1.conv1,element,6,False,False,32,e4m3
14,layer2.conv1,element,2,False,False,32,e4m3
14,layer1.conv2,element,2,False,False,32,e4m3
14,layer2.conv1,scale,4,False,False,32,e4m3
14,layer3.shortcut.0,element,7,False,False,32,e4m3
14,layer3.shortcut.0,element,3,False,False,32,e4m3
14,layer2.conv1,scale,4,False,False,32,e4m3
14,layer2.conv1,element,1,False,False,32,e4m3
14,layer1.conv2,element,6,False,False,32,e4m3
14,conv1,element,3,False,False,32,e4m3
14,layer3.shortcut.0,element,5,False,False,32,e4m3
14,layer1.conv1,scale,3,False,False,32,e4m3
14,layer3.shortcut.0,element,0,False,False,32,e4m3
14,layer1.conv1,element,4,False,False,32,e4m3
14,layer2.conv1,element,7,False,False,32,e4m3
14,layer2.shortcut.0,element,7,False,False,32,e4m3
14,layer3.conv2,element,7,False,False,32,e4m3
14,layer2.conv1,element,6,False,False,32,e4m3
14,layer2.conv1,element,1,False,False,32,e4m3
14,layer3.shortcut.0,element,3,False,False,32,e4m3
14,layer2.conv1,element,5,False,False,32,e4m3
14,layer3.conv2,element,6,False,False,32,e4m3
14,layer1.conv2,element,3,False,False,32,e4m3
14,layer1.conv1,element,0,False,False,32,e4m3
14,layer3.conv2,element,5,False,False,32,e4m3
14,layer3.conv1,element,7,False,False,32,e4m3
14,layer1.conv1,element,3,False,False,32,e4m3
14,layer1.conv2,element,6,False,False,32,e4m3
14,layer2.conv1,element,1,False,False,32,e4m3
14,layer3.shortcut.0,element,3,False,False,32,e4m3
14,layer1.conv2,element,1,False,False,32,e4m3
14,layer2.conv1,element,2,False,False,32,e4m3
14,layer2.shortcut.0,element,2,False,False,32,e4m3
14,layer2.conv2,element,5,False,False,32,e4m3
14,layer2.conv2,element,6,False,False,32,e4m3
14,layer3.conv1,element,4,False,False,32,e4m3
14,layer3.conv1,element,4,False,False,32,e4m3
14,layer3.shortcut.0,element,4,False,False,32,e4m3
14,layer1.conv1,element,6,False,False,32,e4m3
14,layer1.conv2,element,3,False,False,32,e4m3
14,layer2.shortcut.0,element,0,False,False,32,e4m3
14,layer1.conv2,element,6,False,False,32,e4m3
14,layer2.conv2,element,4,False,False,32,e4m3
14,layer2.conv2,element,3,False,False,32,e4m3
14,layer3.conv1,element,7,False,False,32,e4m3
14,layer2.shortcut.0,element,5,False,False,32,e4m3
14,layer1.conv1,element,2,False,False,32,e4m3
14,layer2.conv1,element,3,False,False,32,e4m3
14,layer3.shortcut.0,element,1,False,False,32,e4m3
14,layer2.conv2,element,7,False,False,32,e4m3
14,layer2.conv2,element,6,False,False,32,e4m3
14,conv1,element,2,False,False,32,e4m3
14,layer2.conv1,element,0,False,False,32,e4m3
14,layer2.shortcut.0,element,0,False,False,32,e4m3
14,layer3.conv1,element,4,False,False,32,e4m3
14,layer3.conv2,element,7,False,False,32,e4m3
14,layer3.shortcut.0,element,3,False,False,32,e4m3
14,layer1.conv2,element,1,False,False,32,e4m3
14,layer3.conv2,element,1,True,False,32,e4m3
14,layer2.conv1,element,0,False,False,32,e4m3
14,layer1.conv1,element,1,False,False,32,e4m3
14,layer2.conv1,element,2,False,False,32,e4m3
23,layer2.shortcut.0,element,7,False,False,32,e4m3
23,layer2.shortcut.0,element,0,False,False,32,e4m3
23,layer2.conv1,element,3,False,False,32,e4m3
23,layer1.conv2,element,4,False,False,32,e4m3
23,layer2.shortcut.0,element,0,False,False,32,e4m3
23,layer1.conv1,element,1,False,False,32,e4m3
23,layer2.shortcut.0,scale,1,False,False,32,e4m3
23,layer1.conv2,element,5,False,False,32,e4m3
23,layer2.conv2,element,0,False,False,32,e4m3
23,layer3.shortcut.0,element,0,False,False,32,e4m3
23,layer1.conv2,element,6,False,False,32,e4m3
23,layer2.conv2,element,2,False,False,32,e4m3
23,layer1.conv1,element,6,False,False,32,e4m3
23,layer2.shortcut.0,element,0,False,False,32,e4m3
23,layer3.conv1,element,2,False,False,32,e4m3
23,conv1,element,2,False,False,32,e4m3
23,layer3.conv1,element,7,False,False,32,e4m3
23,conv1,scale,5,False,False,32,e4m3
23,conv1,element,1,False,False,32,e4m3
23,layer1.conv1,element,1,False,False,32,e4m3
23,layer2.conv2,element,3,False,False,32,e4m3
23,layer2.conv1,element,0,False,False,32,e4m3
23,layer1.conv2,element,3,False,False,32,e4m3
23,layer1.conv2,scale,1,False,False,32,e4m3
23,layer1.conv2,element,7,False,False,32,e4m3
23,layer1.conv2,element,2,False,False,32,e4m3
23,layer1.conv1,element,3,False,False,32,e4m3
23,layer3.conv1,element,1,False,False,32,e4m3
23,layer2.conv2,element,4,False,False,32,e4m3
23,layer2.conv1,element,1,False,False,32,e4m3
23,layer2.shortcut.0,element,3,False,False,32,e4m3
23,layer2.conv1,element,1,False,False,32,e4m3
23,layer1.conv2,element,7,False,False,32,e4m3
23,layer3.conv1,element,0,False,False,32,e4m3
23,layer3.conv2,element,7,False,False,32,e4m3
23,layer2.shortcut.0,element,1,False,False,32,e4m3
23,layer3.conv1,scale,6,False,False,32,e4m3
23,layer1.conv1,element,5,False,False,32,e4m3
23,layer2.conv1,element,2,False,False,32,e4m3
23,layer1.conv1,element,2,False,False,32,e4m3
23,layer2.shortcut.0,element,3,False,False,32,e4m3
23,layer2.conv1,element,5,False,False,32,e4m3
23,layer1.conv2,element,6,False,False,32,e4m3
23,layer1.conv1,element,7,False,False,32,e4m3
23,layer3.shortcut.0,element,2,False,False,32,e4m3
23,layer2.shortcut.0,element,1,False,False,32,e4m3
23,layer3.shortcut.0,element,2,False,False,32,e4m3
23,layer2.conv2,element,2,False,False,32,e4m3
23,layer3.conv2,element,2,False,False,32,e4m3
23,layer1.conv2,element,6,False,False,32,e4m3
23,layer2.shortcut.0,element,7,False,False,32,e4m3
23,layer2.shortcut.0,element,3,False,False,32,e4m3
23,layer3.shortcut.0,element,3,False,False,32,e4m3
23,layer2.conv2,element,0,False,False,32,e4m3
23,layer2.conv1,element,3,False,False,32,e4m3
23,layer2.conv1,element,1,False,False,32,e4m3
23,layer2.shortcut.0,element,6,False,False,32,e4m3
23,layer1.conv2,element,5,False,False,32,e4m3
23,layer3.shortcut.0,element,0,False,False,32,e4m3
23,layer2.shortcut.0,element,0,False,False,32,e4m3
23,layer1.conv1,element,2,False,False,32,e4m3
23,layer2.conv1,element,6,False,False,32,e4m3
23,layer2.conv2,element,2,False,False,32,e4m3
23,conv1,scale,7,True,False,32,e4m3
23,layer2.conv2,element,6,False,False,32,e4m3
23,layer3.conv1,element,2,False,False,32,e4m3
23,layer3.conv2,element,3,False,False,32,e4m3
23,layer3.conv1,element,3,False,False,32,e4m3
23,layer3.conv2,element,5,False,False,32,e4m3
23,layer2.shortcut.0,element,3,False,False,32,e4m3
23,layer3.conv1,element,4,False,False,32,e4m3
23,layer2.shortcut.0,element,2,False,False,32,e4m3
23,layer1.conv1,element,7,False,False,32,e4m3
23,layer1.conv2,element,0,False,False,32,e4m3
23,layer1.conv1,scale,0,False,False,32,e4m3
23,layer3.shortcut.0,element,2,False,False,32,e4m3
23,layer1.conv2,element,2,False,False,32,e4m3
23,layer2.shortcut.0,element,7,False,False,32,e4m3
23,conv1,element,5,False,False,32,e4m3
23,layer1.conv2,element,4,False,False,32,e4m3
93,layer2.conv2,element,7,False,False,32,e4m3
93,layer2.shortcut.0,element,7,False,False,32,e4m3
93,layer3.conv1,element,6,False,False,32,e4m3
93,layer2.shortcut.0,element,5,False,False,32,e4m3
93,layer3.conv2,element,7,False,False,32,e4m3
93,layer2.conv1,element,7,False,False,32,e4m3
93,layer1.conv1,element,0,False,False,32,e4m3
93,layer1.conv2,element,4,False,False,32,e4m3
93,layer1.conv2,element,6,False,False,32,e4m3
93,layer2.shortcut.0,element,1,False,False,32,e4m3
93,layer2.shortcut.0,element,1,False,False,32,e4m3
93,layer1.conv1,element,5,False,False,32,e4m3
93,layer1.conv2,element,2,False,False,32,e4m3
93,layer2.shortcut.0,element,0,False,False,32,e4m3
93,layer1.conv2,element,1,False,False,32,e4m3
93,layer1.conv1,element,0,False,False,32,e4m3
93,layer3.conv2,element,5,False,False,32,e4m3
93,layer1.conv1,scale,7,True,False,32,e4m3
93,layer3.conv1,element,1,False,False,32,e4m3
93,layer3.shortcut.0,element,7,False,False,32,e4m3
93,layer3.conv2,element,7,False,False,32,e4m3
93,layer2.conv1,element,5,False,False,32,e4m3
93,layer1.conv2,element,5,False,False,32,e4m3
93,layer1.conv1,element,5,False,False,32,e4m3
93,layer2.conv2,element,4,False,False,32,e4m3
93,layer2.conv1,element,1,False,False,32,e4m3
93,layer1.conv1,element,7,False,False,32,e4m3
93,layer2.shortcut.0,element,5,False,False,32,e4m3
93,layer1.conv1,element,4,False,False,32,e4m3
93,layer2.conv2,element,0,False,False,32,e4m3
93,layer2.conv1,element,1,False,False,32,e4m3
93,layer1.conv1,element,0,False,False,32,e4m3
93,layer2.shortcut.0,element,4,False,False,32,e4m3
93,layer2.shortcut.0,element,5,False,False,32,e4m3
93,layer2.shortcut.0,element,2,False,False,32,e4m3
93,layer2.conv1,element,4,False,False,32,e4m3
93,layer3.conv1,element,0,False,False,32,e4m3
93,layer2.conv2,element,4,False,False,32,e4m3
93,layer1.conv1,element,1,False,False,32,e4m3
93,layer3.conv2,element,3,False,False,32,e4m3
93,layer3.conv2,element,1,False,False,32,e4m3
93,layer2.shortcut.0,scale,3,False,False,32,e4m3
93,layer2.conv1,element,6,False,False,32,e4m3
93,layer2.conv1,element,5,False,False,32,e4m3
93,layer1.conv1,element,5,False,False,32,e4m3
93,layer2.shortcut.0,element,6,False,False,32,e4m3
93,layer2.conv2,element,1,False,False,32,e4m3
93,layer1.conv2,element,7,False,False,32,e4m3
93,layer2.shortcut.0,element,6,False,False,32,e4m3
93,layer2.conv1,element,7,False,False,32,e4m3
93,layer1.conv2,element,0,False,False,32,e4m3
93,layer2.shortcut.0,element,4,False,False,32,e4m3
93,layer2.conv1,element,1,False,False,32,e4m3
93,conv1,element,0,False,False,32,e4m3
93,layer1.conv2,element,6,False,False,32,e4m3
93,layer3.conv1,element,1,False,False,32,e4m3
93,conv1,element,5,False,False,32,e4m3
93,layer2.conv2,scale,5,False,False,32,e4m3
93,layer1.conv2,element,0,False,False,32,e4m3
93,layer2.conv2,element,0,False,False,32,e4m3
93,layer3.shortcut.0,element,7,False,False,32,e4m3
93,layer2.shortcut.0,element,1,False,False,32,e4m3
93,layer1.conv1,element,6,False,False,32,e4m3
93,layer2.conv1,element,3,False,False,32,e4m3
93,layer1.conv2,element,3,False,False,32,e4m3
93,layer2.conv2,element,6,False,False,32,e4m3
93,layer2.conv1,element,4,False,False,32,e4m3
93,layer3.conv2,element,2,False,False,32,e4m3
93,layer1.conv2,scale,0,False,False,32,e4m3
93,layer1.conv2,element,1,False,False,32,e4m3
93,layer3.conv1,element,0,False,False,32,e4m3
93,layer3.shortcut.0,element,6,False,False,32,e4m3
93,layer3.conv1,scale,3,False,False,32,e4m3
93,layer1.conv2,element,2,False,False,32,e4m3
93,layer2.conv1,element,2,False,False,32,e4m3
93,layer2.shortcut.0,element,4,False,False,32,e4m3
93,layer2.conv2,element,6,False,False,32,e4m3
93,layer1.conv1,element,7,False,False,32,e4m3
93,layer2.shortcut.0,element,1,False,False,32,e4m3
93,layer2.conv1,element,1,False,False,32,e4m3
43,layer1.conv1,element,0,False,False,32,e4m3
43,layer2.conv1,element,1,False,False,32,e4m3
43,layer2.conv2,element,6,False,False,32,e4m3
43,layer3.shortcut.0,scale,0,False,False,32,e4m3
43,layer1.conv1,element,1,False,False,32,e4m3
43,layer3.conv1,element,0,False,False,32,e4m3
43,layer3.conv1,element,4,False,False,32,e4m3
43,layer2.shortcut.0,scale,4,False,False,32,e4m3
43,layer3.shortcut.0,element,2,False,False,32,e4m3
43,layer2.conv2,element,3,False,False,32,e4m3
43,layer3.conv1,scale,3,False,False,32,e4m3
43,layer2.shortcut.0,element,7,False,False,32,e4m3
43,layer3.conv1,element,0,False,False,32,e4m3
43,layer1.conv1,element,5,False,False,32,e4m3
43,layer1.conv2,element,1,False,False,32,e4m3
43,layer1.conv2,element,6,False,False,32,e4m3
43,layer1.conv2,element,5,False,False,32,e4m3
43,layer1.conv2,element,7,False,False,32,e4m3
43,layer2.conv1,element,5,False,False,32,e4m3
43,layer2.shortcut.0,element,7,False,False,32,e4m3
43,layer3.conv2,element,0,False,False,32,e4m3
43,layer2.conv1,element,6,False,False,32,e4m3
43,layer1.conv1,element,3,False,False,32,e4m3
43,layer3.shortcut.0,element,1,False,False,32,e4m3
43,layer1.conv1,element,3,False,False,32,e4m3
43,layer3.conv1,element,7,False,False,32,e4m3
43,layer3.shortcut.0,element,6,False,False,32,e4m3
43,layer1.conv1,element,2,False,False,32,e4m3
43,layer2.conv2,element,1,False,False,32,e4m3
43,layer1.conv1,element,6,False,False,32,e4m3
43,layer1.conv2,element,2,False,False,32,e4m3
43,layer2.conv2,element,4,False,False,32,e4m3
43,layer2.conv1,element,0,False,False,32,e4m3
43,layer2.conv2,element,6,False,False,32,e4m3
43,layer1.conv2,element,6,False,False,32,e4m3
43,layer3.conv2,element,7,False,False,32,e4m3
43,layer1.conv1,element,4,False,False,32,e4m3
43,layer2.shortcut.0,element,3,False,False,32,e4m3
43,layer1.conv1,element,0,False,False,32,e4m3
43,layer3.conv1,element,5,False,False,32,e4m3
43,layer1.conv1,element,7,False,False,32,e4m3
43,layer3.conv2,element,4,False,False,32,e4m3
43,layer3.conv1,scale,1,True,False,32,e4m3
43,layer2.shortcut.0,element,6,False,False,32,e4m3
43,layer1.conv1,element,7,False,False,32,e4m3
43,layer2.conv2,element,7,False,False,32,e4m3
43,layer2.conv1,element,7,False,False,32,e4m3
43,layer2.conv2,element,1,False,False,32,e4m3
43,layer2.shortcut.0,element,1,False,False,32,e4m3
43,layer3.conv1,element,6,False,False,32,e4m3
43,layer1.conv2,element,2,False,False,32,e4m3
43,layer3.conv1,element,4,False,False,32,e4m3
43,layer2.conv1,element,5,False,False,32,e4m3
43,layer2.conv2,element,0,False,False,32,e4m3
43,layer2.shortcut.0,element,4,False,False,32,e4m3
43,conv1,element,3,False,False,32,e4m3
43,conv1,element,5,False,False,32,e4m3
43,layer1.conv2,element,6,False,False,32,e4m3
43,layer2.shortcut.0,element,5,False,False,32,e4m3
43,layer1.conv1,element,2,False,False,32,e4m3
43,layer3.conv2,element,6,False,False,32,e4m3
43,layer1.conv2,element,1,False,False,32,e4m3
43,layer1.conv2,scale,4,False,False,32,e4m3
43,layer1.conv1,element,7,False,False,32,e4m3
43,layer2.conv1,element,3,False,False,32,e4m3
43,layer3.shortcut.0,element,1,False,False,32,e4m3
43,layer2.shortcut.0,element,2,False,False,32,e4m3
43,layer2.conv2,element,1,False,False,32,e4m3
43,layer1.conv1,element,5,False,False,32,e4m3
43,layer2.shortcut.0,element,3,False,False,32,e4m3
43,layer3.shortcut.0,element,6,False,False,32,e4m3
43,layer2.shortcut.0,element,7,False,False,32,e4m3
43,layer2.shortcut.0,element,7,False,False,32,e4m3
43,layer3.shortcut.0,element,5,False,False,32,e4m3
43,layer2.conv1,element,2,False,False,32,e4m3
43,layer3.shortcut.0,element,5,False,False,32,e4m3
43,layer1.conv1,element,0,False,False,32,e4m3
43,layer3.shortcut.0,element,6,False,False,32,e4m3
43,layer1.conv2,element,4,False,False,32,e4m3
43,layer2.conv1,element,5,False,False,32,e4m3
51,layer2.conv1,element,0,False,False,32,e4m3
51,layer3.shortcut.0,element,3,False,False,32,e4m3
51,layer1.conv1,element,1,False,False,32,e4m3
51,layer2.conv1,element,2,False,False,32,e4m3
51,layer1.conv2,element,2,False,False,32,e4m3
51,layer1.conv1,element,4,False,False,32,e4m3
51,layer2.conv1,element,0,False,False,32,e4m3
51,layer1.conv2,element,6,False,False,32,e4m3
51,layer2.shortcut.0,element,7,False,False,32,e4m3
51,layer1.conv2,element,3,False,False,32,e4m3
51,layer1.conv1,element,7,False,False,32,e4m3
51,layer1.conv2,element,5,False,False,32,e4m3
51,layer1.conv2,element,0,False,False,32,e4m3
51,layer2.shortcut.0,element,6,False,False,32,e4m3
51,layer1.conv2,element,3,False,False,32,e4m3
51,layer1.conv1,element,3,False,False,32,e4m3
51,layer2.shortcut.0,element,4,False,False,32,e4m3
51,layer3.shortcut.0,element,6,False,False,32,e4m3
51,layer1.conv1,element,4,False,False,32,e4m3
51,layer1.conv2,element,1,False,False,32,e4m3
51,layer1.conv2,element,4,False,False,32,e4m3
51,layer3.shortcut.0,element,3,False,False,32,e4m3
51,layer1.conv2,element,2,False,False,32,e4m3
51,layer2.conv2,scale,6,False,False,32,e4m3
51,layer2.conv2,element,7,False,False,32,e4m3
51,layer3.shortcut.0,element,0,False,False,32,e4m3
51,layer2.conv1,element,1,False,False,32,e4m3
51,layer3.shortcut.0,element,7,False,False,32,e4m3
51,layer2.shortcut.0,element,5,False,False,32,e4m3
51,layer3.shortcut.0,scale,5,False,False,32,e4m3
51,layer1.conv2,element,7,False,False,32,e4m3
51,layer3.conv1,element,3,False,False,32,e4m3
51,layer1.conv2,scale,3,False,False,32,e4m3
51,layer1.conv2,element,0,False,False,32,e4m3
51,layer2.shortcut.0,element,7,False,False,32,e4m3
51,layer1.conv2,element,7,False,False,32,e4m3
51,layer1.conv2,element,0,False,False,32,e4m3
51,conv1,element,6,False,False,32,e4m3
51,layer1.conv1,element,3,False,False,32,e4m3
51,layer1.conv1,element,1,False,False,32,e4m3
51,layer1.conv2,element,0,False,False,32,e4m3
51,layer1.conv1,element,0,False,False,32,e4m3
51,layer2.conv1,element,5,False,False,32,e4m3
51,layer1.conv2,scale,6,False,False,32,e4m3
51,layer2.conv1,element,0,False,False,32,e4m3
51,layer2.conv1,scale,7,False,False,32,e4m3
51,layer2.conv2,element,6,False,False,32,e4m3
51,layer1.conv2,element,4,False,False,32,e4m3
51,layer1.conv1,element,4,False,False,32,e4m3
51,layer1.conv1,element,1,False,False,32,e4m3
51,layer1.conv2,element,2,False,False,32,e4m3
51,layer3.shortcut.0,element,2,False,False,32,e4m3
51,layer3.conv1,element,4,False,False,32,e4m3
51,layer1.conv1,element,6,False,False,32,e4m3
51,layer1.conv2,element,5,False,False,32,e4m3
51,layer2.conv2,element,7,False,False,32,e4m3
51,layer1.conv2,element,4,False,False,32,e4m3
51,layer2.shortcut.0,element,1,False,False,32,e4m3
51,layer1.conv1,element,3,False,False,32,e4m3
51,layer2.conv1,element,4,False,False,32,e4m3
51,layer2.conv2,element,7,False,False,32,e4m3
51,layer2.conv1,element,0,False,False,32,e4m3
51,layer2.shortcut.0,element,7,False,False,32,e4m3
51,layer2.conv2,element,4,False,False,32,e4m3
51,conv1,element,6,False,False,32,e4m3
51,layer3.conv1,element,0,False,False,32,e4m3
51,layer3.conv2,element,5,False,False,32,e4m3
51,layer2.conv2,element,3,False,False,32,e4m3
51,layer2.conv1,element,2,False,False,32,e4m3
51,layer1.conv1,element,5,False,False,32,e4m3
51,layer2.conv2,element,2,False,False,32,e4m3
51,layer2.conv1,element,3,False,False,32,e4m3
51,layer2.shortcut.0,element,1,False,False,32,e4m3
51,layer2.shortcut.0,element,5,False,False,32,e4m3
51,layer1.conv2,element,2,False,False,32,e4m3
51,layer2.conv1,element,1,False,False,32,e4m3
51,layer3.shortcut.0,element,0,False,False,32,e4m3
51,layer2.shortcut.0,element,1,False,False,32,e4m3
51,layer2.shortcut.0,element,5,False,False,32,e4m3
51,layer1.conv2,element,2,False,False,32,e4m3
18,layer3.shortcut.0,element,3,False,False,32,e4m3
18,layer1.conv1,element,2,False,False,32,e4m3
18,layer3.shortcut.0,element,1,False,False,32,e4m3
18,layer2.shortcut.0,element,3,False,False,32,e4m3
18,layer2.shortcut.0,element,7,False,False,32,e4m3
18,layer1.conv1,element,7,False,False,32,e4m3
18,layer2.conv1,element,0,False,False,32,e4m3
18,layer1.conv2,element,1,False,False,32,e4m3
18,layer2.shortcut.0,element,6,False,False,32,e4m3
18,layer3.conv2,element,6,False,False,32,e4m3
18,layer1.conv1,element,6,False,False,32,e4m3
18,layer2.conv1,element,6,False,False,32,e4m3
18,layer3.conv1,scale,5,False,False,32,e4m3
18,layer1.conv1,element,2,False,False,32,e4m3
18,layer1.conv2,element,6,False,False,32,e4m3
18,layer2.shortcut.0,element,2,False,False,32,e4m3
18,conv1,scale,1,False,False,32,e4m3
18,layer2.conv1,element,6,False,False,32,e4m3
18,layer3.conv1,element,3,False,False,32,e4m3
18,layer2.shortcut.0,element,6,False,False,32,e4m3
18,layer3.conv1,scale,3,False,False,32,e4m3
18,layer1.conv1,element,0,False,False,32,e4m3
18,layer2.conv2,element,5,False,False,32,e4m3
18,layer1.conv1,element,3,False,False,32,e4m3
18,layer3.conv1,element,1,False,False,32,e4m3
18,conv1,scale,2,True,False,32,e4m3
18,layer3.shortcut.0,element,0,False,False,32,e4m3
18,layer1.conv1,element,4,False,False,32,e4m3
18,layer1.conv2,element,7,False,False,32,e4m3
18,layer3.conv1,element,2,False,False,32,e4m3
18,layer2.shortcut.0,element,0,False,False,32,e4m3
18,layer2.shortcut.0,element,6,False,False,32,e4m3
18,layer2.conv1,element,4,False,False,32,e4m3
18,layer1.conv1,element,0,False,False,32,e4m3
18,layer1.conv1,element,5,False,False,32,e4m3
18,layer1.conv2,element,0,False,False,32,e4m3
18,layer2.conv1,element,7,False,False,32,e4m3
18,layer2.shortcut.0,element,0,False,False,32,e4m3
18,conv1,element,6,False,False,32,e4m3
18,layer1.conv2,element,1,False,False,32,e4m3
18,layer1.conv1,element,6,False,False,32,e4m3
18,layer1.conv1,element,3,False,False,32,e4m3
18,conv1,element,6,False,False,32,e4m3
18,layer2.shortcut.0,element,1,False,False,32,e4m3
18,layer1.conv1,element,1,False,False,32,e4m3
18,layer1.conv1,element,4,False,False,32,e4m3
18,layer2.conv2,element,4,False,False,32,e4m3
18,layer1.conv2,element,6,False,False,32,e4m3
18,layer2.shortcut.0,element,4,False,False,32,e4m3
18,layer3.conv2,element,2,False,False,32,e4m3
18,layer2.shortcut.0,element,1,False,False,32,e4m3
18,layer1.conv2,element,2,False,False,32,e4m3
18,layer1.conv1,element,2,False,False,32,e4m3
18,layer1.conv1,scale,4,False,False,32,e4m3
18,layer1.conv2,element,5,False,False,32,e4m3
18,layer2.shortcut.0,element,4,False,False,32,e4m3
18,layer2.shortcut.0,element,2,False,False,32,e4m3
18,layer1.conv2,element,0,False,False,32,e4m3
18,layer1.conv1,element,1,False,False,32,e4m3
18,layer1.conv2,element,4,False,False,32,e4m3
18,layer2.shortcut.0,element,4,False,False,32,e4m3
18,layer2.conv1,element,3,False,False,32,e4m3
18,layer2.conv1,element,7,False,False,32,e4m3
18,layer2.conv2,element,6,False,False,32,e4m3
18,layer2.conv1,element,0,False,False,32,e4m3
18,layer3.conv1,element,5,False,False,32,e4m3
18,layer1.conv2,element,0,False,False,32,e4m3
18,layer3.shortcut.0,element,7,False,False,32,e4m3
18,layer1.conv1,element,0,False,False,32,e4m3
18,layer2.conv1,element,0,False,False,32,e4m3
18,layer2.shortcut.0,scale,3,False,False,32,e4m3
18,layer1.conv1,element,3,False,False,32,e4m3
18,layer2.shortcut.0,scale,4,False,False,32,e4m3
18,layer2.conv1,element,0,False,False,32,e4m3
18,layer2.shortcut.0,element,2,False,False,32,e4m3
18,layer1.conv1,element,3,False,False,32,e4m3
18,layer1.conv1,element,7,False,False,32,e4m3
18,layer1.conv1,element,3,False,False,32,e4m3
18,layer3.conv1,element,6,False,False,32,e4m3
18,layer2.conv1,element,5,False,False,32,e4m3
42,layer3.conv1,element,0,False,False,32,e4m3
42,layer2.conv2,element,6,False,False,32,e4m3
42,layer3.conv1,element,3,False,False,32,e4m3
42,layer2.shortcut.0,element,0,False,False,32,e4m3
42,layer1.conv2,element,3,False,False,32,e4m3
42,layer3.shortcut.0,element,6,False,False,32,e4m3
42,layer1.conv2,element,1,False,False,32,e4m3
42,layer1.conv2,element,7,False,False,32,e4m3
42,layer2.conv1,element,2,False,False,32,e4m3
42,layer2.shortcut.0,element,0,False,False,32,e4m3
42,layer3.shortcut.0,element,7,False,False,32,e4m3
42,layer3.conv2,scale,6,False,False,32,e4m3
42,layer3.conv2,element,7,False,False,32,e4m3
42,layer2.conv1,element,0,False,False,32,e4m3
42,layer2.conv1,element,4,False,False,32,e4m3
42,layer2.shortcut.0,element,1,False,False,32,e4m3
42,layer2.shortcut.0,element,2,False,False,32,e4m3
42,conv1,scale,5,False,False,32,e4m3
42,layer1.conv1,element,2,False,False,32,e4m3
42,layer2.conv1,element,4,False,False,32,e4m3
42,layer2.conv2,element,2,False,False,32,e4m3
42,layer3.conv1,element,3,False,False,32,e4m3
42,layer2.conv2,element,3,False,False,32,e4m3
42,layer2.conv2,element,7,False,False,32,e4m3
42,layer1.conv1,element,5,False,False,32,e4m3
42,layer1.conv2,scale,4,False,False,32,e4m3
42,layer1.conv2,element,6,False,False,32,e4m3
42,layer3.conv1,element,6,False,False,32,e4m3
42,layer2.conv2,element,5,False,False,32,e4m3
42,layer1.conv2,element,6,False,False,32,e4m3
42,layer1.conv2,element,2,False,False,32,e4m3
42,layer1.conv1,element,5,False,False,32,e4m3
42,layer1.conv1,element,5,False,False,32,e4m3
42,fc,element,6,False,False,32,e4m3
42,layer3.conv1,scale,1,False,False,32,e4m3
42,layer3.conv2,element,2,False,False,32,e4m3
42,layer2.conv2,element,2,False,False,32,e4m3
42,layer1.conv2,element,0,False,False,32,e4m3
42,layer2.conv1,element,3,False,False,32,e4m3
42,layer3.shortcut.0,element,6,False,False,32,e4m3
42,layer3.shortcut.0,element,6,False,False,32,e4m3
42,layer2.conv1,element,1,False,False,32,e4m3
42,layer1.conv2,element,0,False,False,32,e4m3
42,layer1.conv1,element,3,False,False,32,e4m3
42,layer1.conv1,element,7,False,False,32,e4m3
42,layer1.conv2,element,4,False,False,32,e4m3
42,layer2.conv1,element,2,False,False,32,e4m3
42,layer3.shortcut.0,element,5,False,False,32,e4m3
42,layer2.conv1,element,0,False,False,32,e4m3
42,layer3.conv2,element,0,False,False,32,e4m3
42,layer1.conv2,element,7,False,False,32,e4m3
42,layer2.conv1,element,4,False,False,32,e4m3
42,layer3.conv2,element,3,False,False,32,e4m3
42,layer3.conv1,element,2,False,False,32,e4m3
42,layer2.shortcut.0,element,3,False,False,32,e4m3
42,layer1.conv1,element,5,False,False,32,e4m3
42,layer1.conv1,element,5,False,False,32,e4m3
42,layer3.shortcut.0,element,0,False,False,32,e4m3
42,layer1.conv2,scale,2,False,False,32,e4m3
42,layer2.shortcut.0,element,3,False,False,32,e4m3
42,layer3.conv2,element,4,False,False,32,e4m3
42,layer1.conv2,element,1,False,False,32,e4m3
42,layer3.shortcut.0,element,6,False,False,32,e4m3
42,layer3.shortcut.0,scale,0,False,False,32,e4m3
42,layer2.shortcut.0,element,2,False,False,32,e4m3
42,layer1.conv2,element,7,False,False,32,e4m3
42,conv1,element,7,False,False,32,e4m3
42,layer2.conv1,scale,2,False,False,32,e4m3
42,layer3.conv1,element,7,False,False,32,e4m3
42,layer2.conv1,element,5,False,False,32,e4m3
42,layer2.conv1,element,1,False,False,32,e4m3
42,layer2.conv1,element,5,False,False,32,e4m3
42,layer2.conv1,element,3,False,False,32,e4m3
42,layer2.shortcut.0,element,0,False,False,32,e4m3
42,layer2.shortcut.0,element,6,False,False,32,e4m3
42,layer2.shortcut.0,element,4,False,False,32,e4m3
42,layer1.conv2,element,0,False,False,32,e4m3
42,conv1,scale,5,False,False,32,e4m3
42,layer2.conv1,element,7,False,False,32,e4m3
42,layer1.conv1,element,3,False,False,32,e4m3
90,layer2.conv2,element,2,False,False,32,e4m3
90,layer3.shortcut.0,element,4,False,False,32,e4m3
90,layer2.conv1,element,6,False,False,32,e4m3
90,layer1.conv1,element,7,False,False,32,e4m3
90,layer2.shortcut.0,element,3,False,False,32,e4m3
90,layer3.shortcut.0,element,5,False,False,32,e4m3
90,layer3.shortcut.0,element,2,False,False,32,e4m3
90,conv1,scale,3,True,False,32,e4m3
90,layer3.conv2,element,1,False,False,32,e4m3
90,conv1,element,7,False,False,32,e4m3
90,layer1.conv2,element,0,False,False,32,e4m3
90,conv1,element,3,False,False,32,e4m3
90,layer2.shortcut.0,element,4,False,False,32,e4m3
90,layer3.shortcut.0,element,7,False,False,32,e4m3
90,layer1.conv1,element,7,False,False,32,e4m3
90,layer1.conv1,element,3,False,False,32,e4m3
90,layer2.shortcut.0,element,3,False,False,32,e4m3
90,layer2.shortcut.0,element,2,False,False,32,e4m3
90,layer2.shortcut.0,element,6,False,False,32,e4m3
90,layer2.shortcut.0,element,5,False,False,32,e4m3
90,layer3.conv1,element,7,False,False,32,e4m3
90,layer1.conv2,element,0,False,False,32,e4m3
90,layer2.shortcut.0,element,1,False,False,32,e4m3
90,layer1.conv1,element,0,False,False,32,e4m3
90,layer1.conv2,element,6,False,False,32,e4m3
90,layer1.conv1,element,0,False,False,32,e4m3
90,layer1.conv2,element,2,False,False,32,e4m3
90,layer1.conv2,element,1,False,False,32,e4m3
90,layer1.conv2,element,7,False,False,32,e4m3
90,layer1.conv1,element,5,False,False,32,e4m3
90,layer1.conv1,element,6,False,False,32,e4m3
90,layer2.conv1,element,1,False,False,32,e4m3
90,layer2.conv1,scale,1,False,False,32,e4m3
90,layer3.conv1,element,5,False,False,32,e4m3
90,layer2.shortcut.0,element,3,False,False,32,e4m3
90,layer3.conv2,element,7,False,False,32,e4m3
90,layer2.conv1,element,6,False,False,32,e4m3
90,layer2.conv1,element,5,False,False,32,e4m3
90,layer3.conv1,element,4,False,False,32,e4m3
90,layer1.conv2,scale,6,False,False,32,e4m3
90,layer3.conv1,element,5,False,False,32,e4m3
90,layer2.shortcut.0,element,7,False,False,32,e4m3
90,layer2.conv1,element,6,False,False,32,e4m3
90,layer2.conv1,element,4,False,False,32,e4m3
90,conv1,element,2,False,False,32,e4m3
90,layer1.conv2,element,0,False,False,32,e4m3
90,layer1.conv2,element,3,False,False,32,e4m3
90,layer3.shortcut.0,element,1,False,False,32,e4m3
90,layer1.conv2,element,1,False,False,32,e4m3
90,layer2.conv1,scale,0,False,False,32,e4m3
90,layer3.shortcut.0,element,7,False,False,32,e4m3
90,layer1.conv2,element,5,False,False,32,e4m3
90,layer2.conv1,element,5,False,False,32,e4m3
90,layer2.conv1,element,4,False,False,32,e4m3
90,layer2.conv1,element,5,False,False,32,e4m3
90,layer2.conv1,element,5,False,False,32,e4m3
90,layer2.shortcut.0,element,5,False,False,32,e4m3
90,layer2.shortcut.0,element,5,False,False,32,e4m3
90,layer1.conv1,element,4,False,False,32,e4m3
90,layer2.conv1,scale,5,False,False,32,e4m3
90,layer2.conv2,element,1,False,False,32,e4m3
90,layer2.shortcut.0,element,0,False,False,32,e4m3
90,layer1.conv2,element,6,False,False,32,e4m3
90,layer2.conv1,element,7,False,False,32,e4m3
90,layer2.conv1,element,2,False,False,32,e4m3
90,layer1.conv1,element,3,False,False,32,e4m3
90,layer1.conv1,element,4,False,False,32,e4m3
90,layer1.conv2,element,4,False,False,32,e4m3
90,layer3.shortcut.0,element,6,False,False,32,e4m3
90,layer1.conv2,element,3,False,False,32,e4m3
90,layer2.conv1,element,6,False,False,32,e4m3
90,layer1.conv2,scale,0,False,False,32,e4m3
90,layer3.shortcut.0,element,3,False,False,32,e4m3
90,layer2.conv2,element,6,False,False,32,e4m3
90,layer2.shortcut.0,element,1,False,False,32,e4m3
90,layer2.shortcut.0,element,2,False,False,32,e4m3
90,layer1.conv1,element,1,False,False,32,e4m3
90,layer2.conv1,element,4,False,False,32,e4m3
90,layer2.shortcut.0,element,5,False,False,32,e4m3
90,layer1.conv2,element,1,False,False,32,e4m3
28,layer1.conv1,element,7,False,False,32,e4m3
28,layer2.conv1,element,3,False,False,32,e4m3
28,layer3.conv2,element,6,False,False,32,e4m3
28,layer2.shortcut.0,element,0,False,False,32,e4m3
28,layer2.conv2,element,6,False,False,32,e4m3
28,layer2.shortcut.0,element,6,False,False,32,e4m3
28,layer1.conv1,element,1,False,False,32,e4m3
28,conv1,scale,6,False,False,32,e4m3
28,layer1.conv2,element,6,False,False,32,e4m3
28,layer2.conv1,element,4,False,False,32,e4m3
28,layer1.conv1,element,5,False,False,32,e4m3
28,layer1.conv1,element,6,False,False,32,e4m3
28,layer3.conv2,element,6,False,False,32,e4m3
28,layer2.shortcut.0,element,1,False,False,32,e4m3
28,layer1.conv2,scale,0,False,False,32,e4m3
28,layer2.conv1,element,1,False,False,32,e4m3
28,layer2.shortcut.0,element,0,False,False,32,e4m3
28,layer2.conv1,element,3,False,False,32,e4m3
28,layer2.conv1,element,6,False,False,32,e4m3
28,conv1,element,0,False,False,32,e4m3
28,layer2.shortcut.0,element,0,False,False,32,e4m3
28,layer1.conv2,element,2,False,False,32,e4m3
28,layer2.shortcut.0,element,4,False,False,32,e4m3
28,layer1.conv1,element,5,False,False,32,e4m3
28,layer1.conv1,element,6,False,False,32,e4m3
28,layer3.conv1,element,5,False,False,32,e4m3
28,layer2.shortcut.0,element,1,False,False,32,e4m3
28,layer3.shortcut.0,element,6,False,False,32,e4m3
28,layer2.conv2,element,7,False,False,32,e4m3
28,layer2.shortcut.0,element,4,False,False,32,e4m3
28,layer1.conv1,scale,6,False,False,32,e4m3
28,layer2.conv2,element,5,False,False,32,e4m3
28,layer2.shortcut.0,element,7,False,False,32,e4m3
28,layer1.conv2,element,3,False,False,32,e4m3
28,layer2.shortcut.0,element,4,False,False,32,e4m3
28,layer2.shortcut.0,element,6,False,False,32,e4m3
28,layer1.conv1,element,5,False,False,32,e4m3
28,layer2.shortcut.0,element,5,False,False,32,e4m3
28,layer1.conv2,element,0,False,False,32,e4m3
28,layer1.conv1,element,5,False,False,32,e4m3
28,layer3.conv1,element,4,False,False,32,e4m3
28,layer2.shortcut.0,element,1,False,False,32,e4m3
28,layer1.conv2,element,0,False,False,32,e4m3
28,layer3.conv1,element,3,False,False,32,e4m3
28,layer3.shortcut.0,element,6,False,False,32,e4m3
28,layer2.conv1,element,4,False,False,32,e4m3
28,layer1.conv1,element,7,False,False,32,e4m3
28,layer2.conv2,element,0,False,False,32,e4m3
28,layer1.conv1,element,7,False,False,32,e4m3
28,layer2.conv1,element,7,False,False,32,e4m3
28,layer1.conv2,element,5,False,False,32,e4m3
28,layer1.conv2,element,2,False,False,32,e4m3
28,layer2.conv2,element,7,False,False,32,e4m3
28,layer1.conv2,element,7,False,False,32,e4m3
28,layer2.conv2,element,4,False,False,32,e4m3
28,layer1.conv2,element,4,False,False,32,e4m3
28,layer1.conv1,element,5,False,False,32,e4m3
28,layer2.shortcut.0,element,2,False,False,32,e4m3
28,layer2.conv2,element,2,False,False,32,e4m3
28,layer2.shortcut.0,element,5,False,False,32,e4m3
28,layer1.conv2,element,6,False,False,32,e4m3
28,layer1.conv1,element,3,False,False,32,e4m3
28,layer2.conv1,element,6,False,False,32,e4m3
28,layer2.conv1,element,1,False,False,32,e4m3
28,layer3.shortcut.0,element,5,False,False,32,e4m3
28,layer1.conv2,element,1,False,False,32,e4m3
28,layer1.conv1,scale,4,False,False,32,e4m3
28,layer1.conv2,element,1,False,False,32,e4m3
28,layer2.conv1,element,0,False,False,32,e4m3
28,layer1.conv1,element,1,False,False,32,e4m3
28,layer3.shortcut.0,element,2,False,False,32,e4m3
28,layer2.shortcut.0,element,0,False,False,32,e4m3
28,layer1.conv2,scale,5,False,False,32,e4m3
28,layer3.shortcut.0,element,1,False,False,32,e4m3
28,layer2.conv1,element,7,False,False,32,e4m3
28,layer2.conv1,element,1,False,False,32,e4m3
28,layer1.conv2,element,2,False,False,32,e4m3
28,layer2.conv1,element,0,False,False,32,e4m3
28,layer1.conv2,element,6,False,False,32,e4m3
28,layer1.conv1,element,0,False,False,32,e4m3
