model,fmt,accuracy,sdc,hw,n,finding,element_sdc,scale_sdc,ratio,scale_imgs,element_imgs,n_scale,scale_mode,K8,K16,K32,K64,spread,max_hw,flat
resnet8,e5m2,0.848,0.289,0.01621262993106176,3000.0,F1,,,,,,,,,,,,,,
resnet8,e3m2,0.8485,0.5126666666666667,0.01787476600008364,3000.0,F1,,,,,,,,,,,,,,
resnet8,e4m3,0.8508,0.323,0.01672418508496215,3000.0,F1,,,,,,,,,,,,,,
repvgg_a0,e5m2,0.9069,0.059666666666666666,0.00848934042644164,3000.0,F1,,,,,,,,,,,,,,
repvgg_a0,e3m2,0.9062,0.008333333333333333,0.003311134560343997,3000.0,F1,,,,,,,,,,,,,,
repvgg_a0,e4m3,0.911,0.017,0.0046639440918234175,3000.0,F1,,,,,,,,,,,,,,
resnet8,e4m3,,,,,F4,0.30313468825353085,0.9175257731958762,3.0267924086223053,37.69072164948454,3.3971753358594556,97.0,,,,,,,,
resnet8,e5m2,,,,,F4,0.27109886324491905,0.8247422680412371,3.0422195732194552,41.402061855670105,15.601102307957285,97.0,,,,,,,,
resnet8,e3m2,,,,,F4,0.4946086956521739,0.928,1.8762306610407877,39.312,0.6636521739130434,125.0,,,,,,,,
repvgg_a0,e4m3,,,,,F4,0.011651816312542838,0.2073170731707317,17.79268292682927,20.71951219512195,2.3303632625085675,82.0,,,,,,,,
repvgg_a0,e5m2,,,,,F4,0.05414667580534613,0.25609756097560976,4.7297005248533495,39.670731707317074,10.804660726525016,82.0,,,,,,,,
repvgg_a0,e3m2,,,,,F4,0.0006932409012131716,0.2,288.5,21.408695652173915,0.0024263431542461003,115.0,,,,,,,,
resnet8,,,,,,F15,,,,,,,ocp,0.1973333333333333,0.3113333333333333,0.32,0.1446666666666666,2.2119815668202776,0.0235808298937876,False
resnet8,,,,,,F15,,,,,,,fit,0.222,0.2273333333333333,0.2306666666666666,0.2313333333333333,1.042042042042042,0.0213235860949219,True
repvgg_a0,,,,,,F15,,,,,,,ocp,0.0193333333333333,0.01,0.0026666666666666,0.004,7.250000000000169,0.0070667133041516,False
repvgg_a0,,,,,,F15,,,,,,,fit,0.0226666666666666,0.02,0.0153333333333333,0.018,1.4782608695652162,0.0076206790260528,True
