fmt,bits,block_size,scale_mode,accuracy,drop_vs_fp32,headroom,secs
e4m3,8,8,ocp,0.8482,0.02190000000000003,0.875,5.308189392089844
e4m3,8,8,fit,0.861,0.009099999999999997,0.875,5.350442409515381
e4m3,8,16,ocp,0.8485,0.021599999999999953,0.875,5.14362907409668
e4m3,8,16,fit,0.861,0.009099999999999997,0.875,5.123800277709961
e4m3,8,32,ocp,0.8508,0.019299999999999984,0.875,5.062371492385864
e4m3,8,32,fit,0.861,0.009099999999999997,0.875,4.977210521697998
e4m3,8,64,ocp,0.8514,0.01869999999999994,0.875,5.013067960739136
e4m3,8,64,fit,0.861,0.009099999999999997,0.875,5.19038987159729
e5m2,8,8,ocp,0.8519,0.018199999999999994,0.875,5.230781316757202
e5m2,8,8,fit,0.84,0.030100000000000016,0.875,5.206995964050293
e5m2,8,16,ocp,0.8478,0.022299999999999986,0.875,5.444729804992676
e5m2,8,16,fit,0.84,0.030100000000000016,0.875,5.532451152801514
e5m2,8,32,ocp,0.848,0.02210000000000001,0.875,5.59728741645813
e5m2,8,32,fit,0.84,0.030100000000000016,0.875,5.459460973739624
e5m2,8,64,ocp,0.8452,0.024900000000000033,0.875,5.458127737045288
e5m2,8,64,fit,0.84,0.030100000000000016,0.875,5.462762832641602
e3m2,6,8,ocp,0.8523,0.017800000000000038,0.875,5.443004846572876
e3m2,6,8,fit,0.8399,0.030200000000000005,0.875,5.511187791824341
e3m2,6,16,ocp,0.8479,0.022199999999999998,0.875,5.655783176422119
e3m2,6,16,fit,0.8399,0.030200000000000005,0.875,5.472345352172852
e3m2,6,32,ocp,0.8485,0.021599999999999953,0.875,5.462437152862549
e3m2,6,32,fit,0.8395,0.03059999999999996,0.875,5.296807050704956
e3m2,6,64,ocp,0.8454,0.024699999999999944,0.875,5.425253391265869
e3m2,6,64,fit,0.8397,0.030399999999999983,0.875,5.424206972122192
e2m3,6,8,ocp,0.8563,0.013800000000000034,0.9375,5.461021661758423
e2m3,6,8,fit,0.8565,0.013599999999999945,0.9375,5.345771312713623
e2m3,6,16,ocp,0.8576,0.012499999999999956,0.9375,5.465211629867554
e2m3,6,16,fit,0.8586,0.011499999999999955,0.9375,5.46254563331604
e2m3,6,32,ocp,0.8572,0.012900000000000023,0.9375,5.434553384780884
e2m3,6,32,fit,0.8578,0.012299999999999978,0.9375,5.520248651504517
e2m3,6,64,ocp,0.8594,0.010699999999999932,0.9375,5.387936353683472
e2m3,6,64,fit,0.8588,0.011299999999999977,0.9375,5.359074592590332
e2m1,4,8,ocp,0.7615,0.10860000000000003,0.75,5.2676780223846436
e2m1,4,8,fit,0.7757,0.09440000000000004,0.75,5.278567790985107
e2m1,4,16,ocp,0.7525,0.11760000000000004,0.75,5.220548391342163
e2m1,4,16,fit,0.7678,0.10229999999999995,0.75,5.21956992149353
e2m1,4,32,ocp,0.7635,0.10660000000000003,0.75,5.191604375839233
e2m1,4,32,fit,0.769,0.10109999999999997,0.75,5.212345838546753
e2m1,4,64,ocp,0.7628,0.10729999999999995,0.75,5.267172813415527
e2m1,4,64,fit,0.7335,0.13659999999999994,0.75,5.240222454071045
