model,site,n_act,act,act_lo,act_hi,act_nf,weight,w_nf_share,ratio_w_over_a
resnet8,element,3759,0.01223729715349827,0.007480530635379188,0.01817380655269151,0.007980845969672785,0.016985876679297275,0.872034070168323,1.3880415312495318
resnet8,scale,241,0.17427385892116182,0.11813747167099663,0.2313613892562503,0.0954356846473029,0.18845360824742266,0.4901531728665208,1.0813647520864016
repvgg_a0,element,3868,0.00749741468459152,0.004898074999013831,0.010280199709434269,0.007238883143743537,0.004809801233721728,0.9975062344139651,0.6415279714495049
repvgg_a0,scale,132,0.12878787878787878,0.07352044476327116,0.1865671641791045,0.07575757575757576,0.11713414634146342,0.9266007287870901,0.9095121951219513
vit_small,element,3870,0.011369509043927648,0.008037230578568644,0.014770761690169453,0.011111111111111112,0.012180282661151325,0.9905193151266452,1.071311224969446
vit_small,scale,130,0.1,0.051470588235294115,0.15748031496062992,0.07692307692307693,0.09782828282828282,0.6396489416623646,0.9782828282828282
resnet8_c100,element,3759,0.013567438148443736,0.00808522334236143,0.020588235294117647,0.006384676775738229,0.017319339298004128,0.735148023047884,1.276537184729363
resnet8_c100,scale,241,0.1908713692946058,0.14285714285714285,0.24180327868852458,0.1078838174273859,0.31824468085106383,0.5667725221460805,1.6673253931544867
repvgg_a0_c100,element,3868,0.017063081695966906,0.009818931301376854,0.02582744834176311,0.006980351602895553,0.010451412818745691,0.9891196834817014,0.6125161330743687
repvgg_a0_c100,scale,132,0.14393939393939395,0.085703211517165,0.20438370935633707,0.06818181818181818,0.15535714285714286,0.6469622331691297,1.0793233082706766
vit_small_c100,element,3870,0.03229974160206718,0.018125089125556333,0.04967730398781048,0.009819121447028423,0.00972758620689655,0.9571074087203121,0.30116606896551723
vit_small_c100,scale,130,0.13076923076923078,0.07352450980392157,0.1925925925925926,0.07692307692307693,0.11515,0.4520191055145462,0.8805588235294117
