width,seed,fmt,pert_sdc,min_margin,margin_2,margin_3,n_below_0_05,n_below_0_2
8,0,e3m2,0.4155663655316192,0.022746086,0.03131175,0.058134317,2,12
8,0,e4m3,0.35591435591435594,0.020906448,0.03132701,0.037237644,4,10
8,0,e5m2,0.4036526276556094,0.023521423,0.036772728,0.06212139,2,12
8,1,e3m2,0.657053509381515,0.0059189796,0.0075321198,0.015304565,9,14
8,1,e4m3,0.39986018874519397,0.01874733,0.03447318,0.03556919,6,12
8,1,e5m2,0.6972511144130757,0.0018835068,0.0027217865,0.010595322,7,15
8,2,e3m2,0.6170952050034746,0.0021947622,0.020103455,0.07496858,2,15
8,2,e4m3,0.4996501049685094,0.016041756,0.01796341,0.023754835,3,14
8,2,e5m2,0.6699174793698425,0.0035767555,0.004079342,0.059198618,2,13
16,0,e3m2,0.15513043478260868,0.009615898,0.11694813,0.13441467,1,8
16,0,e4m3,0.40362495643081214,0.0022239685,0.008490562,0.027379513,6,13
16,0,e5m2,0.2902502801643631,0.002146244,0.12665462,0.1349287,1,8
16,1,e3m2,0.14747826086956523,0.03166628,0.046266794,0.05777836,2,6
16,1,e4m3,0.09699930216329379,0.03037119,0.13229704,0.16343355,1,4
16,1,e5m2,0.1292239138507241,0.029092312,0.05121565,0.055030823,1,6
16,2,e3m2,0.19895652173913045,0.011669159,0.04910946,0.07097459,2,10
16,2,e4m3,0.09442508710801394,0.03445649,0.037054062,0.06724286,2,8
16,2,e5m2,0.17631677250653716,0.013439655,0.05210018,0.081567764,1,11
24,0,e3m2,0.5365598885793872,4.005432e-05,0.014759064,0.043144703,4,11
24,0,e4m3,0.039735099337748346,0.054414988,0.06829333,0.11005616,0,5
24,0,e5m2,0.168530947054437,0.011121988,0.014471054,0.038512707,3,11
24,1,e3m2,0.02402506963788301,0.0631752,0.11264515,0.16422224,0,3
24,1,e4m3,0.1138268156424581,0.022907495,0.03399849,0.034138203,3,6
24,1,e5m2,0.0335195530726257,0.061228275,0.119063854,0.16315699,0,3
24,2,e3m2,0.06093314763231198,0.035326004,0.062244415,0.06285572,1,6
24,2,e4m3,0.06596858638743455,0.0326066,0.03950405,0.04764843,3,6
24,2,e5m2,0.05249343832020997,0.0411582,0.061476707,0.065535545,1,6
32,0,e3m2,0.23568205484206872,0.0011873245,0.0424757,0.07810068,2,4
32,0,e4m3,0.0024407252440725243,0.34017754,0.39599657,0.40217686,0,0
32,0,e5m2,0.27487795719113783,0.0008955002,0.039141655,0.07613087,2,4
32,1,e3m2,0.03193335647344672,0.04900217,0.097183704,0.16653681,1,5
32,1,e4m3,0.0034734282737061478,0.2154522,0.22389936,0.3210106,0,0
32,1,e5m2,0.028016436309301458,0.05300045,0.105333805,0.16666889,0,5
48,0,e3m2,0.026782608695652174,0.01239109,0.23195004,0.2731657,1,1
48,0,e4m3,0.04488517745302714,0.014463425,0.04170704,0.06796789,2,5
48,0,e5m2,0.04443614637789395,0.0073194504,0.22883749,0.27197742,1,1
48,1,e3m2,0.005565217391304348,0.081487656,0.27420735,0.30086708,0,1
48,1,e4m3,0.06759581881533101,0.0063471794,0.091825485,0.09467101,1,5
48,1,e5m2,0.0025906735751295338,0.076954365,0.27579737,0.29512072,0,1
