width,seed,fmt,sdc_any,sdc_ge3,sdc_acc1pp,mean_change
8,0,e3m2,0.4155663655316192,0.14176511466296038,0.10667129951355107,0.006596594857539958
8,1,e3m2,0.657053509381515,0.2689367616400278,0.024322446143154968,0.010667129951355108
16,0,e3m2,0.15513043478260868,0.021217391304347827,0.012521739130434783,0.0014382608695652174
16,1,e3m2,0.14747826086956523,0.029217391304347827,0.017739130434782608,0.0015826086956521738
24,0,e3m2,0.5365598885793872,0.030292479108635098,0.007311977715877437,0.0034052924791086354
24,1,e3m2,0.02402506963788301,0.004526462395543176,0.001392757660167131,0.00025766016713091923
32,0,e3m2,0.23568205484206872,0.0038181187087816732,0.0017355085039916696,0.001259979173897952
32,1,e3m2,0.03193335647344672,0.0031239153071850054,0.0013884068031933356,0.00023082263103089206
48,0,e3m2,0.026782608695652174,0.00034782608695652176,0.0,0.00014434782608695654
48,1,e3m2,0.005565217391304348,0.00034782608695652176,0.00034782608695652176,3.478260869565218e-05
8,0,e4m3,0.35591435591435594,0.12636012636012636,0.02562302562302562,0.005572130572130572
8,1,e4m3,0.39986018874519397,0.18385180006990562,0.019573575672841664,0.008077595246417336
16,0,e4m3,0.40362495643081214,0.07877309166957128,0.07005925409550366,0.003733008016730568
16,1,e4m3,0.09699930216329379,0.013956734124214934,0.012909979064898814,0.0008635729239357992
24,0,e4m3,0.039735099337748346,0.004531195538515162,0.0038340885325897525,0.0003485535029627048
24,1,e4m3,0.1138268156424581,0.011871508379888268,0.002094972067039106,0.0008921089385474861
32,0,e4m3,0.0024407252440725243,0.0003486750348675035,0.000697350069735007,2.0920502092050207e-05
32,1,e4m3,0.0034734282737061478,0.0003473428273706148,0.0,2.952414032650226e-05
48,0,e4m3,0.04488517745302714,0.0003479471120389701,0.003827418232428671,0.00025400139178844816
48,1,e4m3,0.06759581881533101,0.0003484320557491289,0.0010452961672473868,0.0003519163763066202
8,0,e5m2,0.4036526276556094,0.13827804696235557,0.10846067834513604,0.006270965337308982
8,1,e5m2,0.6972511144130757,0.2797176820208024,0.19650817236255572,0.011844353640416048
16,0,e5m2,0.2902502801643631,0.021666044079193127,0.012327231976092642,0.002054538662682107
16,1,e5m2,0.1292239138507241,0.024879316747122168,0.01670998886000743,0.0013943557370961752
24,0,e5m2,0.168530947054437,0.028337061894108874,0.0003728560775540641,0.00151193139448173
24,1,e5m2,0.0335195530726257,0.0037243947858473,0.00037243947858472997,0.00027746741154562385
32,0,e5m2,0.27487795719113783,0.0022530980097634247,0.0030041306796845663,0.0014626361246714232
32,1,e5m2,0.028016436309301458,0.004109077325364214,0.0022413149047441168,0.0002540156892043332
48,0,e5m2,0.04443614637789395,0.0,0.0007468259895444362,0.00022591486183719194
48,1,e5m2,0.0025906735751295338,0.0003700962250185048,0.0,2.220577350111029e-05
