seed,fmt,margin_min,margin_p01,margin_p1,margin_median,frac_below_0.05,frac_below_0.20,mean_inv_margin,inv_min_margin,sdc_element,sdc_perturbation,n_element,nonfinite_rate
0,e5m2,0.0030542612075805664,0.028632989287376405,0.11103175401687622,4.139148712158203,0.0035,0.018,0.7849885821342468,327.4114203192693,0.06652878317821441,0.0007380073800738007,2901,0.06583936573595311
0,e3m2,0.009617209434509277,0.020933138728141787,0.11102442860603333,4.139778137207031,0.003,0.018,0.6870454549789429,103.98026650139448,0.000697350069735007,0.000697350069735007,2868,0.0
0,e4m3,0.008672714233398438,0.018840825736522675,0.14870902776718142,4.163351058959961,0.0025,0.0145,0.6377522945404053,115.3041565867605,0.03136849362288866,0.019539427773900907,2901,0.012064805239572561
0,e2m3,0.011573076248168945,0.035784718990325926,0.17784103870391849,4.160861015319824,0.003,0.013,0.5646190047264099,86.40744937269525,0.009414225941422594,0.009414225941422594,2868,0.0
0,e2m1,0.0066089630126953125,0.015439209699630738,0.1415461111068726,4.112369537353516,0.003,0.0175,0.7308582067489624,151.3096681096681,0.03628601921024546,0.03628601921024546,2811,0.0
1,e5m2,0.004099369049072266,0.010087686419487,0.10471992373466492,4.085022926330566,0.003,0.0175,0.8206244111061096,243.93997906246366,0.06928645294725956,0.0022172949002217295,2901,0.0672182006204757
1,e3m2,0.0028564929962158203,0.024144487619400027,0.10763278126716613,4.086090087890625,0.0025,0.019,0.847936749458313,350.07962607461815,0.0020920502092050207,0.0020920502092050207,2868,0.0
1,e4m3,0.0011698007583618164,0.01823543190956116,0.12413793325424195,4.104942798614502,0.0035,0.017,1.1168898344039917,854.8464282074799,0.07928300586004826,0.06966213862765587,2901,0.010341261633919338
1,e2m3,0.00848531723022461,0.014017876386642456,0.1440343451499939,4.103309154510498,0.003,0.0165,0.7158836722373962,117.8506322000562,0.029637377963737797,0.029637377963737797,2868,0.0
1,e2m1,0.006650328636169434,0.010159712195396424,0.08880632400512696,4.001922607421875,0.007,0.025,0.9765605926513672,150.368508792371,0.04695837780149413,0.04695837780149413,2811,0.0
2,e5m2,0.0003714561462402344,0.011835452795028687,0.09642754673957826,4.072238922119141,0.0065,0.0195,2.2680015563964844,2692.1078305519895,0.08307480179248534,0.010048381094157052,2901,0.07376766632195794
2,e3m2,0.0004794597625732422,0.007982946872711182,0.09599338293075563,4.071955680847168,0.0065,0.0195,1.9653241634368896,2085.680755842864,0.009414225941422594,0.009414225941422594,2868,0.0
2,e4m3,0.011000633239746094,0.04127937114238739,0.12476041197776795,4.089054107666016,0.002,0.0145,0.6212671399116516,90.90385782401387,0.025163736642537057,0.010496850944716585,2901,0.014822475008617718
2,e2m3,0.0017230510711669922,0.023110746502876284,0.13268444538116456,4.089570045471191,0.0045,0.0165,1.0085355043411255,580.3658502836585,0.03172942817294282,0.03172942817294282,2868,0.0
2,e2m1,0.0011992454528808594,0.008848305702209474,0.10114526212215424,3.95835280418396,0.0045,0.0145,1.3214507102966309,833.8576540755467,0.06688011383849164,0.06688011383849164,2811,0.0
