exp,model,seed,fmt,K,scale_mode,site,n,any_image,any_lo,any_hi,per_inference,pi_lo,pi_hi,nonfinite
e01,repvgg_a0,0,e3m2,32,ocp,element,2885,0.0017331022530329288,0.000740497809932022,0.004050855062144452,1.7331022530329284e-05,0.0,3.8809192941894545e-05,0.0
e01,repvgg_a0,0,e3m2,32,ocp,element_pert,2885,0.0017331022530329288,0.000740497809932022,0.004050855062144452,1.7331022530329284e-05,0.0,3.8809192941894545e-05,0.0
e01,repvgg_a0,0,e3m2,32,ocp,scale,115,0.23478260869565218,0.16666880256864122,0.3200423115044726,0.11756521739130435,0.06247304255892231,0.1726573922236864,0.09565217391304348
e01,repvgg_a0,0,e3m2,32,ocp,all,3000,0.010666666666666666,0.007565902880806795,0.015018997071712215,0.004523333333333333,0.0022704289261244533,0.0067762377405422135,0.0036666666666666666
e01,repvgg_a0,0,e4m3,32,ocp,element,2918,0.00616860863605209,0.003905545948992014,0.009730190069612784,0.004809801233721728,0.002302150456293856,0.007317452011149599,0.004797806716929404
e01,repvgg_a0,0,e4m3,32,ocp,element_pert,2904,0.0013774104683195593,0.000535774343219909,0.0035364761519967574,1.2052341597796144e-05,0.0,2.675812365006027e-05,0.0
e01,repvgg_a0,0,e4m3,32,ocp,scale,82,0.2682926829268293,0.18436120492201502,0.3729622548368121,0.11713414634146342,0.04992763665894573,0.18434065602398111,0.10975609756097561
e01,repvgg_a0,0,e4m3,32,ocp,all,3000,0.013333333333333334,0.009807054350147202,0.01810435840917007,0.00788,0.004763380711835302,0.010996619288164698,0.007666666666666666
e01,repvgg_a0,0,e5m2,32,ocp,element,2918,0.06716929403701165,0.0586442789573281,0.07683242790700073,0.05487662782727896,0.046619185539470684,0.06313407011508723,0.05483207676490747
e01,repvgg_a0,0,e5m2,32,ocp,element_pert,2758,0.01305293691080493,0.009443376842107979,0.01801709109260049,7.251631617113851e-05,4.512099423324597e-05,9.991163810903105e-05,0.0
e01,repvgg_a0,0,e5m2,32,ocp,scale,82,0.3780487804878049,0.28078371592811896,0.48622863131336896,0.19890243902439028,0.11695967468087881,0.28084520336790175,0.10975609756097561
e01,repvgg_a0,0,e5m2,32,ocp,all,3000,0.07566666666666666,0.06673627246331723,0.08568237715490937,0.058813333333333336,0.050436478291719426,0.06719018837494724,0.05633333333333333
e01,repvgg_a0,1,e3m2,32,ocp,element,2885,0.0006932409012131716,0.0001901322499232355,0.0025242634455384426,1.3864818024263432e-05,0.0,3.788322376727316e-05,0.0
e01,repvgg_a0,1,e3m2,32,ocp,element_pert,2885,0.0006932409012131716,0.0001901322499232355,0.0025242634455384426,1.3864818024263432e-05,0.0,3.788322376727316e-05,0.0
e01,repvgg_a0,1,e3m2,32,ocp,scale,115,0.24347826086956523,0.1741636310062311,0.32937662686776426,0.12295652173913044,0.06591765584497053,0.17999538763329034,0.09565217391304348
e01,repvgg_a0,1,e3m2,32,ocp,all,3000,0.01,0.007013704253986818,0.014239567496832629,0.004726666666666666,0.0023910675429777858,0.0070622657903555465,0.0036666666666666666
e01,repvgg_a0,1,e4m3,32,ocp,element,2918,0.009595613433858808,0.006647265652716273,0.013833468728007853,0.008574366004112405,0.0052297589534519824,0.011918973054772828,0.008567511994516792
e01,repvgg_a0,1,e4m3,32,ocp,element_pert,2893,0.0010369858278603526,0.0003527300315933977,0.0030445766421037506,6.913238852402351e-06,0.0,1.5208462292595391e-05,0.0
e01,repvgg_a0,1,e4m3,32,ocp,scale,82,0.24390243902439024,0.16379885088671692,0.34692707832040764,0.12164634146341463,0.053210724378568094,0.19008195854826115,0.10975609756097561
e01,repvgg_a0,1,e4m3,32,ocp,all,3000,0.016,0.012089359129497938,0.0211485664366176,0.011665000000000002,0.007860256633598699,0.015469743366401304,0.011333333333333334
e01,repvgg_a0,1,e5m2,32,ocp,element,2918,0.05654557916381083,0.04873343790259939,0.06552377403915954,0.05616175462645648,0.04780970335514749,0.06451380589776547,0.05620287868403016
e01,repvgg_a0,1,e5m2,32,ocp,element_pert,2754,0.00036310820624546115,6.410039038656323e-05,0.0020540267419802277,1.8155410312273058e-06,0.0,5.374001452432825e-06,0.0
e01,repvgg_a0,1,e5m2,32,ocp,scale,82,0.2682926829268293,0.18436120492201502,0.3729622548368121,0.21652439024390244,0.13053819916137344,0.30251058132643144,0.10975609756097561
e01,repvgg_a0,1,e5m2,32,ocp,all,3000,0.06233333333333333,0.0542293667315876,0.07155671885264772,0.060544999999999995,0.052040354761999814,0.06904964523800018,0.057666666666666665
e01,repvgg_a0,2,e3m2,32,ocp,element,2885,0.0010398613518197574,0.00035370830956617336,0.0030530064447671034,1.2131715771230504e-05,0.0,2.7694578638123232e-05,0.0
e01,repvgg_a0,2,e3m2,32,ocp,element_pert,2885,0.0010398613518197574,0.00035370830956617336,0.0030530064447671034,1.2131715771230504e-05,0.0,2.7694578638123232e-05,0.0
e01,repvgg_a0,2,e3m2,32,ocp,scale,115,0.21739130434782608,0.15180796257397172,0.3012448638973791,0.12447826086956522,0.06656118694123794,0.1823953347978925,0.09565217391304348
e01,repvgg_a0,2,e3m2,32,ocp,all,3000,0.009333333333333334,0.0064653588228406,0.01345628472627928,0.004783333333333333,0.0024127596607741233,0.007153907005892543,0.0036666666666666666
e01,repvgg_a0,2,e4m3,32,ocp,element,2918,0.01644962302947224,0.012429683690949734,0.021741047414013046,0.007248115147361206,0.004180683931490117,0.010315546363232295,0.007196710075394105
e01,repvgg_a0,2,e4m3,32,ocp,element_pert,2897,0.009319986192613048,0.006413194245477181,0.013526350759581092,5.1777701070072495e-05,2.993204827715776e-05,7.362335386298723e-05,0.0
e01,repvgg_a0,2,e4m3,32,ocp,scale,82,0.2804878048780488,0.19477150045908148,0.3858507245755968,0.11817073170731707,0.05021867013999244,0.1861227932746417,0.10975609756097561
e01,repvgg_a0,2,e4m3,32,ocp,all,3000,0.023666666666666666,0.018805828331833658,0.029745821553826875,0.01028,0.006712147585759289,0.013847852414240708,0.01
e01,repvgg_a0,2,e5m2,32,ocp,element,2918,0.05106237148732008,0.04364922909261299,0.059655985469755,0.05038211103495544,0.042444727921513034,0.05831949414839785,0.05037697052775874
e01,repvgg_a0,2,e5m2,32,ocp,element_pert,2771,0.0007217610970768675,0.0001979552455629325,0.0026279571307163017,5.4132082280765064e-06,0.0,1.3320209870638813e-05,0.0
e01,repvgg_a0,2,e5m2,32,ocp,scale,82,0.25609756097560976,0.1740357615326263,0.35998893295034956,0.20109756097560977,0.11778978924568685,0.2844053327055327,0.10975609756097561
e01,repvgg_a0,2,e5m2,32,ocp,all,3000,0.056666666666666664,0.04894610168340463,0.06552114418638438,0.054501666666666664,0.046408360881351175,0.06259497245198214,0.052
e01,resnet8,0,e3m2,32,ocp,element,2875,0.4946086956521739,0.47635238977293465,0.5128793895926789,0.0033182608695652175,0.0030987452587152606,0.0035377764804151745,0.0
e01,resnet8,0,e3m2,32,ocp,element_pert,2875,0.4946086956521739,0.47635238977293465,0.5128793895926789,0.0033182608695652175,0.0030987452587152606,0.0035377764804151745,0.0
e01,resnet8,0,e3m2,32,ocp,scale,125,0.928,0.8688171613175633,0.9616608616681095,0.19656,0.13581280804297843,0.25730719195702156,0.128
e01,resnet8,0,e3m2,32,ocp,all,3000,0.5126666666666667,0.49477570191606224,0.5305252339162295,0.01137,0.00848698130091743,0.01425301869908257,0.005333333333333333
e01,resnet8,0,e4m3,32,ocp,element,2903,0.30313468825353085,0.2866846252053125,0.3201050755086318,0.016985876679297275,0.012596057049849528,0.021375696308745022,0.014812263176024801
e01,resnet8,0,e4m3,32,ocp,element_pert,2860,0.29265734265734267,0.2762695667939165,0.309601363195209,0.0022062937062937065,0.0020084911645072323,0.0024040962480801806,0.0
e01,resnet8,0,e4m3,32,ocp,scale,97,0.9175257731958762,0.845623761735717,0.9576172955364297,0.18845360824742266,0.11847698854249385,0.2584302279523515,0.09278350515463918
e01,resnet8,0,e4m3,32,ocp,all,3000,0.323,0.3065021711394206,0.3399505413093449,0.02252999999999999,0.017601427382296114,0.027458572617703868,0.017333333333333333
e01,resnet8,0,e5m2,32,ocp,element,2903,0.27109886324491905,0.25523874535601593,0.2875639775213524,0.07800551153978642,0.06835184091400648,0.08765918216556637,0.07647261453668619
e01,resnet8,0,e5m2,32,ocp,element_pert,2681,0.21074226035061544,0.19572384369115745,0.2265884142992006,0.0016654233494964566,0.0014910969978143651,0.001839749701178548,0.0
e01,resnet8,0,e5m2,32,ocp,scale,97,0.8247422680412371,0.737143589002599,0.8875994555424038,0.20701030927835054,0.13369708057346197,0.2803235379832391,0.09278350515463918
e01,resnet8,0,e5m2,32,ocp,all,3000,0.289,0.273057207149982,0.3054824670121055,0.08217666666666666,0.07250747244137866,0.09184586089195466,0.077
e01,resnet8_w16,0,e3m2,32,ocp,element,2875,0.15513043478260868,0.14235801609868226,0.16882322525653704,0.0014382608695652174,0.0012203032679766093,0.0016562184711538255,0.0
e01,resnet8_w16,0,e3m2,32,ocp,element_pert,2875,0.15513043478260868,0.14235801609868226,0.16882322525653704,0.0014382608695652174,0.0012203032679766093,0.0016562184711538255,0.0
e01,resnet8_w16,0,e3m2,32,ocp,scale,125,0.84,0.7657538554890242,0.8939716767893138,0.19343999999999997,0.13365783211968907,0.2532221678803109,0.128
e01,resnet8_w16,0,e3m2,32,ocp,all,3000,0.18366666666666667,0.17021821074422575,0.19792420754933046,0.009438333333333333,0.006594682199607583,0.012281984467059083,0.005333333333333333
e01,resnet8_w16,0,e4m3,32,ocp,element,2903,0.4106097140888736,0.3928439142739692,0.4286117766013913,0.015401308990699275,0.011493925593186703,0.019308692388211847,0.011712022046159145
e01,resnet8_w16,0,e4m3,32,ocp,element_pert,2869,0.40362495643081214,0.3858125961463663,0.42169505510181393,0.003733008016730568,0.0034865806520639636,0.0039794353813971724,0.0
e01,resnet8_w16,0,e4m3,32,ocp,scale,97,0.9278350515463918,0.8584683281060499,0.964605841691335,0.18938144329896905,0.12148075938184895,0.2572821272160892,0.09278350515463918
e01,resnet8_w16,0,e4m3,32,ocp,all,3000,0.42733333333333334,0.4097353634370049,0.4451171625777425,0.021026666666666666,0.01652320080971258,0.02553013252362075,0.014333333333333333
e01,resnet8_w16,0,e5m2,32,ocp,element,2903,0.3455046503616948,0.32842069285073977,0.3629969462922244,0.0797330347915949,0.07000424810935156,0.08946182147383823,0.07785049948329315
e01,resnet8_w16,0,e5m2,32,ocp,element_pert,2677,0.2902502801643631,0.2733670884773634,0.30773458528815306,0.002054538662682107,0.0018523257608103012,0.0022567515645539127,0.0
e01,resnet8_w16,0,e5m2,32,ocp,scale,97,0.8350515463917526,0.7487353960515549,0.8958407610186864,0.20685567010309275,0.1345504856268266,0.2791608545793589,0.09278350515463918
e01,resnet8_w16,0,e5m2,32,ocp,all,3000,0.36133333333333334,0.34433063917398693,0.37869069487250345,0.08384333333333333,0.07411269320583423,0.09357397346083242,0.07833333333333334
e01,resnet8_w16,1,e3m2,32,ocp,element,2875,0.14747826086956523,0.1349875486832357,0.1609097666102739,0.0015826086956521738,0.001332171783683441,0.0018330456076209064,0.0
e01,resnet8_w16,1,e3m2,32,ocp,element_pert,2875,0.14747826086956523,0.1349875486832357,0.1609097666102739,0.0015826086956521738,0.001332171783683441,0.0018330456076209064,0.0
e01,resnet8_w16,1,e3m2,32,ocp,scale,125,0.88,0.8114261894188212,0.9259141113628507,0.19563999999999993,0.134752664492799,0.25652733550720086,0.128
e01,resnet8_w16,1,e3m2,32,ocp,all,3000,0.178,0.16472655635351086,0.19209702222559905,0.009668333333333333,0.006775122674571944,0.01256154399209472,0.005333333333333333
e01,resnet8_w16,1,e4m3,32,ocp,element,2903,0.10850843954529797,0.09770748430390837,0.12034412525234302,0.013598002066827418,0.009516467213343609,0.017679536920311226,0.012745435756114365
e01,resnet8_w16,1,e4m3,32,ocp,element_pert,2866,0.09699930216329379,0.08669733335438937,0.10838015327818237,0.0008635729239357992,0.0006863423043677911,0.0010408035435038074,0.0
e01,resnet8_w16,1,e4m3,32,ocp,scale,97,0.7422680412371134,0.6471740604185197,0.8189040839245778,0.18288659793814432,0.11342084436928339,0.25235235150700525,0.10309278350515463
e01,resnet8_w16,1,e4m3,32,ocp,all,3000,0.129,0.11747798383568694,0.14147092191850494,0.019071666666666664,0.014408842714060432,0.023734490619272894,0.015666666666666666
e01,resnet8_w16,1,e5m2,32,ocp,element,2903,0.1922149500516707,0.17829144023846938,0.20695195011657735,0.07362039269720977,0.06420713807493728,0.08303364731948226,0.07233895969686531
e01,resnet8_w16,1,e5m2,32,ocp,element_pert,2693,0.1292239138507241,0.11708071521676479,0.1424234008044747,0.0013943557370961752,0.0011467044473546862,0.0016420070268376643,0.0
e01,resnet8_w16,1,e5m2,32,ocp,scale,97,0.8041237113402062,0.7142162230627421,0.8708605964317845,0.20726804123711337,0.13335999574686505,0.2811760867273617,0.10309278350515463
e01,resnet8_w16,1,e5m2,32,ocp,all,3000,0.212,0.1977472618301436,0.22698935503564413,0.07794166666666666,0.06848965525143488,0.08739367808189843,0.07333333333333333
e01,resnet8_w16,2,e3m2,32,ocp,element,2875,0.19895652173913045,0.18476971306922574,0.21394674118487644,0.0021200000000000004,0.001841476684945705,0.0023985233150542956,0.0
e01,resnet8_w16,2,e3m2,32,ocp,element_pert,2875,0.19895652173913045,0.18476971306922574,0.21394674118487644,0.0021200000000000004,0.001841476684945705,0.0023985233150542956,0.0
e01,resnet8_w16,2,e3m2,32,ocp,scale,125,0.904,0.8396803879985666,0.9442287738851058,0.17820000000000003,0.1199307098467148,0.23646929015328524,0.128
e01,resnet8_w16,2,e3m2,32,ocp,all,3000,0.22833333333333333,0.21366575160276177,0.24369575620466535,0.009456666666666665,0.006716863935162699,0.012196469398170632,0.005333333333333333
e01,resnet8_w16,2,e4m3,32,ocp,element,2903,0.10471925594212883,0.09409847710413947,0.11638478023488248,0.012392352738546329,0.008532921981622322,0.016251783495470334,0.011367550809507406
e01,resnet8_w16,2,e4m3,32,ocp,element_pert,2870,0.09442508710801394,0.08426237728781297,0.10567205947289995,0.0010365853658536586,0.0008126951112532775,0.0012604756204540398,0.0
e01,resnet8_w16,2,e4m3,32,ocp,scale,97,0.8041237113402062,0.7142162230627421,0.8708605964317845,0.17443298969072163,0.10714313506302331,0.24172284431841995,0.10309278350515463
e01,resnet8_w16,2,e4m3,32,ocp,all,3000,0.12733333333333333,0.11587961022876217,0.13974022502118075,0.017631666666666667,0.013194752989424036,0.022068580343909298,0.014333333333333333
e01,resnet8_w16,2,e5m2,32,ocp,element,2903,0.24044092318291424,0.22524475200567262,0.2563231211141122,0.0795487426799862,0.06981745008281656,0.08928003527715583,0.07785049948329315
e01,resnet8_w16,2,e5m2,32,ocp,element_pert,2677,0.17631677250653716,0.1623473488189115,0.19121382717008223,0.0018602913709376168,0.0015980547213695284,0.002122528020505705,0.0
e01,resnet8_w16,2,e5m2,32,ocp,scale,97,0.8865979381443299,0.8082553007257883,0.9354864189706437,0.20159793814432989,0.13030006865874263,0.27289580762991716,0.10309278350515463
e01,resnet8_w16,2,e5m2,32,ocp,all,3000,0.2613333333333333,0.245923595872965,0.27735350791859054,0.083495,0.07377231334028198,0.09321768665971802,0.07866666666666666
e01,resnet8_w16,3,e3m2,32,ocp,element,2875,0.2013913043478261,0.1871347151710691,0.21644480646630437,0.002281739130434783,0.0020265368162401694,0.0025369414446293963,0.0
e01,resnet8_w16,3,e3m2,32,ocp,element_pert,2875,0.2013913043478261,0.1871347151710691,0.21644480646630437,0.002281739130434783,0.0020265368162401694,0.0025369414446293963,0.0
e01,resnet8_w16,3,e3m2,32,ocp,scale,125,0.888,0.8207616439023667,0.9321016105799721,0.19035999999999997,0.12949177874208959,0.2512282212579104,0.128
e01,resnet8_w16,3,e3m2,32,ocp,all,3000,0.23,0.21529193956658157,0.24539863874509446,0.010118333333333332,0.0072457033244721115,0.012990963342194552,0.005333333333333333
e01,resnet8_w16,3,e4m3,32,ocp,element,2903,0.08198415432311403,0.07254824636301066,0.0925248976726348,0.012216672407853943,0.008358024457775335,0.01607532035793255,0.011367550809507406
e01,resnet8_w16,3,e4m3,32,ocp,element_pert,2870,0.07142857142857142,0.0625681639050394,0.08143472030086858,0.0008588850174216028,0.0006625668441587936,0.001055203190684412,0.0
e01,resnet8_w16,3,e4m3,32,ocp,scale,97,0.7422680412371134,0.6471740604185197,0.8189040839245778,0.1771649484536082,0.10931902099231904,0.24501087591489734,0.10309278350515463
e01,resnet8_w16,3,e4m3,32,ocp,all,3000,0.10333333333333333,0.09294337324704591,0.11473784674171267,0.017549999999999996,0.013100682381535465,0.021999317618464527,0.014333333333333333
e01,resnet8_w16,3,e5m2,32,ocp,element,2903,0.23114019979331726,0.2161664476259871,0.2468245609605982,0.0729607302790217,0.06363467721585267,0.08228678334219072,0.07096107475025835
e01,resnet8_w16,3,e5m2,32,ocp,element_pert,2697,0.1724137931034483,0.15862616589908887,0.18713328464950066,0.0021523915461624027,0.001848381274170111,0.0024564018181546946,0.0
e01,resnet8_w16,3,e5m2,32,ocp,scale,97,0.865979381443299,0.7841000614500552,0.9199754331959006,0.20319587628865982,0.12996097322303912,0.2764307793542805,0.10309278350515463
e01,resnet8_w16,3,e5m2,32,ocp,all,3000,0.25166666666666665,0.236461775064159,0.26750671980275287,0.07717166666666667,0.0678083447949283,0.08653498853840504,0.072
e01,resnet8_w16,4,e3m2,32,ocp,element,2875,0.15478260869565216,0.14202274585053523,0.16846377159278816,0.001556521739130435,0.0013143330498857821,0.0017987104283750878,0.0
e01,resnet8_w16,4,e3m2,32,ocp,element_pert,2875,0.15478260869565216,0.14202274585053523,0.16846377159278816,0.001556521739130435,0.0013143330498857821,0.0017987104283750878,0.0
e01,resnet8_w16,4,e3m2,32,ocp,scale,125,0.832,0.7567907928528235,0.8874117857248478,0.19395999999999994,0.13234609906759356,0.2555739009324063,0.128
e01,resnet8_w16,4,e3m2,32,ocp,all,3000,0.183,0.16957187427515297,0.19723891581670366,0.009573333333333333,0.006659988059592762,0.012486678607073904,0.005333333333333333
e01,resnet8_w16,4,e4m3,32,ocp,element,2903,0.15432311401997933,0.14163925759655113,0.16792061058620142,0.015075783672063383,0.010834214774443365,0.0193173525696834,0.013778849466069583
e01,resnet8_w16,4,e4m3,32,ocp,element_pert,2863,0.14250785888927697,0.1301817301520866,0.15579203944657996,0.001315054139015019,0.0010896963524595132,0.001540411925570525,0.0
e01,resnet8_w16,4,e4m3,32,ocp,scale,97,0.7628865979381443,0.6692591230575402,0.8364852463360335,0.1929896907216495,0.12330945832651143,0.2626699231167876,0.10309278350515463
e01,resnet8_w16,4,e4m3,32,ocp,all,3000,0.174,0.1608531639130219,0.1879806454558906,0.020828333333333334,0.016017921268617837,0.02563874539804883,0.016666666666666666
e01,resnet8_w16,4,e5m2,32,ocp,element,2903,0.22425077506028246,0.20944850618880964,0.23978186200281307,0.08570616603513605,0.07560427824185396,0.09580805382841813,0.0843954529796762
e01,resnet8_w16,4,e5m2,32,ocp,element_pert,2658,0.1527464258841234,0.13957213649875452,0.1669229990838679,0.0014315274642588414,0.0011902981289688586,0.0016727567995488241,0.0
e01,resnet8_w16,4,e5m2,32,ocp,scale,97,0.711340206185567,0.6144813647096283,0.7920974420577547,0.20195876288659795,0.1283902401933673,0.2755272855798286,0.10309278350515463
e01,resnet8_w16,4,e5m2,32,ocp,all,3000,0.24,0.22505596427468758,0.25560903706248195,0.08946499999999999,0.0793804516486278,0.09954954835137218,0.085
e01,resnet8_w24,0,e3m2,32,ocp,element,2872,0.5365598885793872,0.5182858199318097,0.5547362861220182,0.0034052924791086354,0.003237338288343154,0.003573246669874117,0.0
e01,resnet8_w24,0,e3m2,32,ocp,element_pert,2872,0.5365598885793872,0.5182858199318097,0.5547362861220182,0.0034052924791086354,0.003237338288343154,0.003573246669874117,0.0
e01,resnet8_w24,0,e3m2,32,ocp,scale,128,0.9453125,0.8914150997002529,0.9732597986186536,0.15667968749999997,0.09921826159497135,0.2141411134050286,0.109375
e01,resnet8_w24,0,e3m2,32,ocp,all,3000,0.554,0.5361548957177094,0.5717069886199555,0.009945,0.00725783317943219,0.012632166820567812,0.004666666666666667
e01,resnet8_w24,0,e4m3,32,ocp,element,2902,0.05065472088215024,0.043253419801443815,0.059244071215003455,0.011716057891109577,0.007857809775712495,0.01557430600650666,0.011371467953135768
e01,resnet8_w24,0,e4m3,32,ocp,element_pert,2869,0.039735099337748346,0.033181177437353084,0.04751992011498641,0.0003485535029627048,0.0002514371292724928,0.00044566987665291675,0.0
e01,resnet8_w24,0,e4m3,32,ocp,scale,98,0.6530612244897959,0.5546614299076583,0.7399140833203984,0.17989795918367346,0.10965374894421709,0.25014216942312983,0.12244897959183673
e01,resnet8_w24,0,e4m3,32,ocp,all,3000,0.07033333333333333,0.061721947412477295,0.08004367659215282,0.01721,0.012705827376045888,0.02171417262395411,0.015
e01,resnet8_w24,0,e5m2,32,ocp,element,2902,0.2315644383184011,0.21657779775852967,0.24726081075513015,0.07720537560303238,0.06758650001665903,0.08682425118940573,0.07580978635423846
e01,resnet8_w24,0,e5m2,32,ocp,element_pert,2682,0.168530947054437,0.15484011373618575,0.18316995600907446,0.00151193139448173,0.0013308217155802665,0.0016930410733831936,0.0
e01,resnet8_w24,0,e5m2,32,ocp,scale,98,0.826530612244898,0.7396490798496071,0.888778681703581,0.21811224489795913,0.14169762641742378,0.2945268633784945,0.12244897959183673
e01,resnet8_w24,0,e5m2,32,ocp,all,3000,0.251,0.23580960741637802,0.2668272592488343,0.08180833333333333,0.07213626412445488,0.09148040254221178,0.07733333333333334
e01,resnet8_w24,1,e3m2,32,ocp,element,2872,0.02402506963788301,0.019028353212686373,0.03029337082938218,0.00025766016713091923,0.00016038654869530023,0.00035493378556653824,0.0
e01,resnet8_w24,1,e3m2,32,ocp,element_pert,2872,0.02402506963788301,0.019028353212686373,0.03029337082938218,0.00025766016713091923,0.00016038654869530023,0.00035493378556653824,0.0
e01,resnet8_w24,1,e3m2,32,ocp,scale,128,0.5625,0.47598101173634194,0.6453768687294696,0.15937499999999996,0.0999071129387008,0.21884288706129912,0.109375
e01,resnet8_w24,1,e3m2,32,ocp,all,3000,0.047,0.03998876360822058,0.055169873336924746,0.007046666666666667,0.004267620993336222,0.009825712339997112,0.004666666666666667
e01,resnet8_w24,1,e4m3,32,ocp,element,2902,0.12543073742246727,0.11387338407814566,0.1379784355038162,0.01397484493452791,0.009839494749824767,0.01811019511923105,0.013094417643004824
e01,resnet8_w24,1,e4m3,32,ocp,element_pert,2864,0.1138268156424581,0.10270868187610739,0.1259795033802657,0.0008921089385474861,0.0007537740073768151,0.0010304438697181571,0.0
e01,resnet8_w24,1,e4m3,32,ocp,scale,98,0.7857142857142857,0.6945197258584814,0.8553545655005581,0.1790816326530612,0.10954439053606958,0.24861887477005284,0.12244897959183673
e01,resnet8_w24,1,e4m3,32,ocp,all,3000,0.147,0.13478020979124428,0.16012265740883586,0.01936833333333333,0.014655124190296373,0.024081542476370288,0.016666666666666666
e01,resnet8_w24,1,e5m2,32,ocp,element,2902,0.10578911095796002,0.09511526036278198,0.117505237890911,0.07503101309441765,0.06546187479096292,0.08460015139787237,0.07477601654031703
e01,resnet8_w24,1,e5m2,32,ocp,element_pert,2685,0.0335195530726257,0.027350266257457224,0.04102173024594599,0.00027746741154562385,0.0001872505271441806,0.0003676842959470671,0.0
e01,resnet8_w24,1,e5m2,32,ocp,scale,98,0.5306122448979592,0.43252467204457545,0.6263904306010359,0.20168367346938776,0.12642160692990312,0.2769457400088724,0.12244897959183673
e01,resnet8_w24,1,e5m2,32,ocp,all,3000,0.11966666666666667,0.10853587498312671,0.13177023594727122,0.07916833333333333,0.06956016884795758,0.08877649781870907,0.07633333333333334
e01,resnet8_w24,2,e3m2,32,ocp,element,2872,0.06093314763231198,0.052757387742197105,0.07028189098278348,0.0004892061281337048,0.0003726930614794445,0.0006057191947879651,0.0
e01,resnet8_w24,2,e3m2,32,ocp,element_pert,2872,0.06093314763231198,0.052757387742197105,0.07028189098278348,0.0004892061281337048,0.0003726930614794445,0.0006057191947879651,0.0
e01,resnet8_w24,2,e3m2,32,ocp,scale,128,0.640625,0.5545225368033344,0.7185326942447414,0.1565625,0.09917540978129588,0.2139495902187041,0.09375
e01,resnet8_w24,2,e3m2,32,ocp,all,3000,0.08566666666666667,0.07617404747354878,0.09621902517017134,0.007148333333333332,0.0044581044506975575,0.009838562215969106,0.004
e01,resnet8_w24,2,e4m3,32,ocp,element,2902,0.07787732598208132,0.06867596282922381,0.08819476301061352,0.013223638869745003,0.0091419479024239,0.017305329837066105,0.012749827705031013
e01,resnet8_w24,2,e4m3,32,ocp,element_pert,2865,0.06596858638743455,0.057447882419412497,0.07565165072023304,0.0004799301919720768,0.0003909395203045458,0.0005689208636396078,0.0
e01,resnet8_w24,2,e4m3,32,ocp,scale,98,0.7142857142857143,0.6180933267840759,0.7943123917352038,0.17627551020408158,0.1074189485525278,0.24513207185563535,0.12244897959183673
e01,resnet8_w24,2,e4m3,32,ocp,all,3000,0.09866666666666667,0.08850314087293311,0.10985668170392852,0.018549999999999997,0.013894365324676267,0.023205634675323727,0.01633333333333333
e01,resnet8_w24,2,e5m2,32,ocp,element,2902,0.1292212267401792,0.1175051055273948,0.1419176708021277,0.08132839421088904,0.07140463468159866,0.09125215374017942,0.08097863542384562
e01,resnet8_w24,2,e5m2,32,ocp,element_pert,2667,0.05249343832020997,0.04465463020882774,0.0616195396350176,0.00038057742782152235,0.00030265314767485347,0.0004585017079681912,0.0
e01,resnet8_w24,2,e5m2,32,ocp,scale,98,0.6836734693877551,0.5861612171628963,0.7673293987107721,0.2035714285714286,0.12848285681615135,0.27866000032670585,0.12244897959183673
e01,resnet8_w24,2,e5m2,32,ocp,all,3000,0.14733333333333334,0.13510126760973423,0.16046741369119571,0.08532166666666666,0.07538621930751632,0.09525711402581699,0.08233333333333333
e01,resnet8_w24,3,e3m2,32,ocp,element,2872,0.0665041782729805,0.05795844624301012,0.07620801054731564,0.0006946378830083565,0.0005092234016465815,0.0008800523643701316,0.0
e01,resnet8_w24,3,e3m2,32,ocp,element_pert,2872,0.0665041782729805,0.05795844624301012,0.07620801054731564,0.0006946378830083565,0.0005092234016465815,0.0008800523643701316,0.0
e01,resnet8_w24,3,e3m2,32,ocp,scale,128,0.65625,0.5704962778456513,0.7328984233188773,0.1630078125,0.1049288930822586,0.22108673191774136,0.109375
e01,resnet8_w24,3,e3m2,32,ocp,all,3000,0.09166666666666666,0.08185665110327484,0.10252107535574134,0.00762,0.0048805329471657225,0.010359467052834278,0.004666666666666667
e01,resnet8_w24,3,e4m3,32,ocp,element,2902,0.06374913852515507,0.05542444212394862,0.0732272631113445,0.009481392143349414,0.006052195807065054,0.012910588479633774,0.00895933838731909
e01,resnet8_w24,3,e4m3,32,ocp,element_pert,2876,0.05528511821974965,0.04751050868249088,0.06424614994707456,0.0005267732962447845,0.0004081694740668397,0.0006453771184227292,0.0
e01,resnet8_w24,3,e4m3,32,ocp,scale,98,0.6836734693877551,0.5861612171628963,0.7673293987107721,0.17045918367346932,0.10291815452409449,0.23800021282284417,0.11224489795918367
e01,resnet8_w24,3,e4m3,32,ocp,all,3000,0.084,0.07459808132677005,0.09446592081270115,0.01474,0.01063240478437422,0.01884759521562578,0.012333333333333333
e01,resnet8_w24,3,e5m2,32,ocp,element,2902,0.13439007580978635,0.12246298490072101,0.1472838233572932,0.06981909028256375,0.06058513270201659,0.0790530478631109,0.06926257753273604
e01,resnet8_w24,3,e5m2,32,ocp,element_pert,2701,0.06997408367271381,0.0609516730990001,0.080217953525688,0.0006034801925212884,0.00047381650985544167,0.0007331438751871351,0.0
e01,resnet8_w24,3,e5m2,32,ocp,scale,98,0.673469387755102,0.5756148110653156,0.7582374372598155,0.20464285714285713,0.12979696667726356,0.27948874760845066,0.11224489795918367
e01,resnet8_w24,3,e5m2,32,ocp,all,3000,0.152,0.13959838433152963,0.16529169438129723,0.07422333333333332,0.06492602367603534,0.0835206429906313,0.07066666666666667
e01,resnet8_w32,0,e3m2,32,ocp,element,2881,0.23568205484206872,0.22054230528251773,0.2515257366740779,0.001259979173897952,0.0011697698090083375,0.0013501885387875666,0.0
e01,resnet8_w32,0,e3m2,32,ocp,element_pert,2881,0.23568205484206872,0.22054230528251773,0.2515257366740779,0.001259979173897952,0.0011697698090083375,0.0013501885387875666,0.0
e01,resnet8_w32,0,e3m2,32,ocp,scale,119,0.6890756302521008,0.6010962961256583,0.7652295390769697,0.12554621848739494,0.06987896502252484,0.18121347195226506,0.10084033613445378
e01,resnet8_w32,0,e3m2,32,ocp,all,3000,0.25366666666666665,0.23841856864418617,0.26954481082782433,0.00619,0.0038240425561590365,0.008555957443840963,0.004
e01,resnet8_w32,0,e4m3,32,ocp,element,2912,0.017513736263736264,0.013345915365394537,0.02295285475480997,0.015130494505494503,0.010698967253991583,0.019562021756997422,0.01510989010989011
e01,resnet8_w32,0,e4m3,32,ocp,element_pert,2868,0.0024407252440725243,0.001182795556259391,0.005029754501437951,2.0920502092050207e-05,4.195217443251301e-06,3.7645786740849113e-05,0.0
e01,resnet8_w32,0,e4m3,32,ocp,scale,88,0.4318181818181818,0.33332677056322896,0.5360132839819837,0.21318181818181817,0.13481699813242604,0.2915466382312103,0.125
e01,resnet8_w32,0,e4m3,32,ocp,all,3000,0.029666666666666668,0.024170985762442646,0.03636531793851398,0.020939999999999997,0.01592408905033542,0.025955910949664575,0.018333333333333333
e01,resnet8_w32,0,e5m2,32,ocp,element,2912,0.33688186813186816,0.31994003868480175,0.35425349569747394,0.08684581043956044,0.07670179078863085,0.09698983009049003,0.08550824175824176
e01,resnet8_w32,0,e5m2,32,ocp,element_pert,2663,0.27487795719113783,0.2582547786483447,0.2921496910158511,0.0014626361246714232,0.0013647584993600138,0.0015605137499828325,0.0
e01,resnet8_w32,0,e5m2,32,ocp,scale,88,0.8068181818181818,0.7122293318676104,0.8757404226789328,0.22068181818181817,0.13867335087518057,0.3026902854884558,0.125
e01,resnet8_w32,0,e5m2,32,ocp,all,3000,0.3506666666666667,0.3337921863107664,0.367923096508531,0.09077166666666665,0.0806066234170098,0.1009367099163235,0.08666666666666667
e01,resnet8_w32,1,e3m2,32,ocp,element,2881,0.03193335647344672,0.026110465983235707,0.03900280332532539,0.00023082263103089206,0.00017045320738389377,0.0002911920546778904,0.0
e01,resnet8_w32,1,e3m2,32,ocp,element_pert,2881,0.03193335647344672,0.026110465983235707,0.03900280332532539,0.00023082263103089206,0.00017045320738389377,0.0002911920546778904,0.0
e01,resnet8_w32,1,e3m2,32,ocp,scale,119,0.3697478991596639,0.28835784646379276,0.4592843559521748,0.1365966386554622,0.07765630214604338,0.19553697516488103,0.09243697478991597
e01,resnet8_w32,1,e3m2,32,ocp,all,3000,0.04533333333333334,0.038452586272197074,0.053376980168699344,0.005640000000000001,0.0031235115863629008,0.0081564884136371,0.0036666666666666666
e01,resnet8_w32,1,e4m3,32,ocp,element,2912,0.014766483516483516,0.010981340246787192,0.01983016308406617,0.011361607142857144,0.007516444467025085,0.015206769818689202,0.011332417582417582
e01,resnet8_w32,1,e4m3,32,ocp,element_pert,2879,0.0034734282737061478,0.0018878165929258348,0.006382308268691469,2.952414032650226e-05,8.843176113738105e-06,5.0205104539266415e-05,0.0
e01,resnet8_w32,1,e4m3,32,ocp,scale,88,0.4090909090909091,0.3122675920054905,0.5135191473881263,0.2103977272727273,0.13258325738085225,0.28821219716460234,0.11363636363636363
e01,resnet8_w32,1,e4m3,32,ocp,all,3000,0.026333333333333334,0.021180915850328608,0.03269724684213019,0.0172,0.012669225858262061,0.02173077414173794,0.014333333333333333
e01,resnet8_w32,1,e5m2,32,ocp,element,2912,0.10645604395604395,0.09576789874754794,0.11818113367790002,0.08093234890109889,0.0710400729704973,0.09082462483170048,0.08070054945054946
e01,resnet8_w32,1,e5m2,32,ocp,element_pert,2677,0.028016436309301458,0.022409582229701963,0.03497592944034256,0.0002540156892043332,0.00016743919451677695,0.0003405921838918895,0.0
e01,resnet8_w32,1,e5m2,32,ocp,scale,88,0.4659090909090909,0.36530468030457786,0.5693653469680284,0.21954545454545454,0.1364256630525914,0.3026652460383177,0.11363636363636363
e01,resnet8_w32,1,e5m2,32,ocp,all,3000,0.117,0.10598505900462818,0.12899453911897152,0.08499833333333333,0.07505955351307071,0.09493711315359595,0.08166666666666667
e01,resnet8_w32,2,e3m2,32,ocp,element,2881,0.07497396737244012,0.06591337066362914,0.0851664945705815,0.0005189170426935092,0.0004344791188584684,0.0006033549665285501,0.0
e01,resnet8_w32,2,e3m2,32,ocp,element_pert,2881,0.07497396737244012,0.06591337066362914,0.0851664945705815,0.0005189170426935092,0.0004344791188584684,0.0006033549665285501,0.0
e01,resnet8_w32,2,e3m2,32,ocp,scale,119,0.5630252100840336,0.47331840744696124,0.6487902042872481,0.1448739495798319,0.08658453738127639,0.20316336177838742,0.09243697478991597
e01,resnet8_w32,2,e3m2,32,ocp,all,3000,0.09433333333333334,0.08438660427552336,0.10531763499029112,0.006245,0.0037297926474706643,0.008760207352529335,0.0036666666666666666
e01,resnet8_w32,2,e4m3,32,ocp,element,2912,0.13873626373626374,0.12665649323827233,0.1517679239620517,0.013609203296703292,0.009542676486705017,0.01767573010670157,0.012706043956043956
e01,resnet8_w32,2,e4m3,32,ocp,element_pert,2875,0.12765217391304348,0.11594906011788776,0.1403489921975558,0.0009147826086956521,0.0008037965245505357,0.0010257686928407685,0.0
e01,resnet8_w32,2,e4m3,32,ocp,scale,88,0.7613636363636364,0.662573550326628,0.8382895739167237,0.22045454545454543,0.14223529789548722,0.29867379301360364,0.125
e01,resnet8_w32,2,e4m3,32,ocp,all,3000,0.157,0.14442137515397485,0.17045591507159874,0.019676666666666662,0.01494936598538305,0.02440396734795027,0.016
e01,resnet8_w32,2,e5m2,32,ocp,element,2912,0.1504120879120879,0.1378893505107337,0.16385595054433266,0.07371050824175823,0.06425704820045237,0.08316396828306409,0.0731456043956044
e01,resnet8_w32,2,e5m2,32,ocp,element_pert,2699,0.08336420896628381,0.0735181508694687,0.09439456829487128,0.0006094849944423861,0.0005098364124187133,0.0007091335764660588,0.0
e01,resnet8_w32,2,e5m2,32,ocp,scale,88,0.6477272727272727,0.5436598679108756,0.7394366805744971,0.2126704545454545,0.13143662405269396,0.29390428503821503,0.125
e01,resnet8_w32,2,e5m2,32,ocp,all,3000,0.165,0.1521477169781938,0.1787091116677746,0.07778666666666666,0.0682724307514552,0.08730090258187811,0.07466666666666667
e01,resnet8_w32,3,e3m2,32,ocp,element,2881,0.055536272127733426,0.047749849201104075,0.0645063920666842,0.00038354737938215897,0.0003151602685204526,0.00045193449024386533,0.0
e01,resnet8_w32,3,e3m2,32,ocp,element_pert,2881,0.055536272127733426,0.047749849201104075,0.0645063920666842,0.00038354737938215897,0.0003151602685204526,0.00045193449024386533,0.0
e01,resnet8_w32,3,e3m2,32,ocp,scale,119,0.5630252100840336,0.47331840744696124,0.6487902042872481,0.1452941176470588,0.08431018112478386,0.20627805416933373,0.1092436974789916
e01,resnet8_w32,3,e3m2,32,ocp,all,3000,0.07566666666666666,0.06673627246331723,0.08568237715490937,0.006131666666666666,0.0035175805242480237,0.008745752809085308,0.004333333333333333
e01,resnet8_w32,3,e4m3,32,ocp,element,2912,0.05666208791208791,0.04883423418259039,0.06565808768586799,0.014067651098901098,0.009840265036519517,0.01829503716128268,0.013736263736263736
e01,resnet8_w32,3,e4m3,32,ocp,element_pert,2872,0.04352367688022284,0.036651512576702884,0.051615334694073915,0.00033600278551532034,0.00026964672984890507,0.0004023588411817356,0.0
e01,resnet8_w32,3,e4m3,32,ocp,scale,88,0.6363636363636364,0.5321128870350564,0.7292070038745184,0.20687499999999998,0.13010180063201449,0.28364819936798547,0.11363636363636363
e01,resnet8_w32,3,e4m3,32,ocp,all,3000,0.07366666666666667,0.06485422493460634,0.08356954007852159,0.019723333333333332,0.01490575660249933,0.024540910064167334,0.016666666666666666
e01,resnet8_w32,3,e5m2,32,ocp,element,2912,0.12259615384615384,0.11117867072426231,0.13500805408862365,0.075885989010989,0.0662890253996199,0.08548295262235811,0.07554945054945054
e01,resnet8_w32,3,e5m2,32,ocp,element_pert,2692,0.05089153046062407,0.04321059908709832,0.05985238256993018,0.00036589895988112925,0.0002948665215247115,0.000436931398237547,0.0
e01,resnet8_w32,3,e5m2,32,ocp,scale,88,0.6363636363636364,0.5321128870350564,0.7292070038745184,0.22198863636363633,0.13964306086930028,0.3043342118579724,0.11363636363636363
e01,resnet8_w32,3,e5m2,32,ocp,all,3000,0.13766666666666666,0.1257998833357534,0.1504601890405328,0.08017166666666667,0.07051115699002616,0.08983217634330717,0.07666666666666666
e01,resnet8_w48,0,e3m2,32,ocp,element,2875,0.026782608695652174,0.02148281472566542,0.03334530313996836,0.00014434782608695654,0.00010947898170663231,0.00017921667046728076,0.0
e01,resnet8_w48,0,e3m2,32,ocp,element_pert,2875,0.026782608695652174,0.02148281472566542,0.03334530313996836,0.00014434782608695654,0.00010947898170663231,0.00017921667046728076,0.0
e01,resnet8_w48,0,e3m2,32,ocp,scale,125,0.488,0.402046238449991,0.5746693309990089,0.16059999999999997,0.09951762855650335,0.22168237144349656,0.136
e01,resnet8_w48,0,e3m2,32,ocp,all,3000,0.046,0.03906673741365379,0.05409445722894219,0.006829999999999999,0.004046861175210938,0.00961313882478906,0.005666666666666667
e01,resnet8_w48,0,e4m3,32,ocp,element,2911,0.05702507729302645,0.04917036875140944,0.06604737587219388,0.012961181724493297,0.008891797163612112,0.017030566285374485,0.012710408794228788
e01,resnet8_w48,0,e4m3,32,ocp,element_pert,2874,0.04488517745302714,0.03790359005098455,0.05308177608798048,0.00025400139178844816,0.00020766620497016678,0.00030033657860672954,0.0
e01,resnet8_w48,0,e4m3,32,ocp,scale,89,0.550561797752809,0.44726333152374137,0.649676118957986,0.19662921348314608,0.1184290820499187,0.27482934491637345,0.14606741573033707
e01,resnet8_w48,0,e4m3,32,ocp,all,3000,0.07166666666666667,0.0629741711594646,0.08145470924856463,0.01841,0.013702656472153942,0.023117343527846057,0.016666666666666666
e01,resnet8_w48,0,e5m2,32,ocp,element,2911,0.12092064582617656,0.10957369600603908,0.1332667702150902,0.08024905530745448,0.07039181095940121,0.09010629965550775,0.08004122294744075
e01,resnet8_w48,0,e5m2,32,ocp,element_pert,2678,0.04443614637789395,0.03726260917340229,0.0529147792122038,0.00022591486183719194,0.00018589825505396516,0.0002659314686204187,0.0
e01,resnet8_w48,0,e5m2,32,ocp,scale,89,0.5280898876404494,0.4253754742950576,0.6284797759725685,0.3034831460674157,0.21267168516086643,0.394294606973965,0.15730337078651685
e01,resnet8_w48,0,e5m2,32,ocp,all,3000,0.133,0.12131674092679731,0.14562193403759197,0.08687166666666667,0.07684663976068812,0.09689669357264521,0.08233333333333333
e01,resnet8_w48,1,e3m2,32,ocp,element,2875,0.005565217391304348,0.0034285435852842512,0.009021415654699891,3.478260869565218e-05,1.615251691180541e-05,5.3412700479498946e-05,0.0
e01,resnet8_w48,1,e3m2,32,ocp,element_pert,2875,0.005565217391304348,0.0034285435852842512,0.009021415654699891,3.478260869565218e-05,1.615251691180541e-05,5.3412700479498946e-05,0.0
e01,resnet8_w48,1,e3m2,32,ocp,scale,125,0.264,0.19459847344951559,0.3474743923808146,0.14679999999999999,0.08688014434747564,0.20671985565252432,0.128
e01,resnet8_w48,1,e3m2,32,ocp,all,3000,0.01633333333333333,0.012377016667028243,0.02152672299993707,0.00615,0.003450446466134599,0.008849553533865401,0.005333333333333333
e01,resnet8_w48,1,e4m3,32,ocp,element,2911,0.08072827207145311,0.07137587997920868,0.09118577749508976,0.014431466849879762,0.010151158662384448,0.018711775037375075,0.014084507042253521
e01,resnet8_w48,1,e4m3,32,ocp,element_pert,2870,0.06759581881533101,0.058976984222669615,0.07737064122410423,0.0003519163763066202,0.00030292449064466177,0.00040090826196857867,0.0
e01,resnet8_w48,1,e4m3,32,ocp,scale,89,0.5056179775280899,0.40368555240975695,0.6070854976437683,0.19179775280898878,0.11509898285391566,0.2684965227640619,0.15730337078651685
e01,resnet8_w48,1,e4m3,32,ocp,all,3000,0.09333333333333334,0.08343756972048183,0.10426922724278329,0.019693333333333327,0.014842464496814405,0.024544202169852248,0.018333333333333333
e01,resnet8_w48,1,e5m2,32,ocp,element,2911,0.07420130539333562,0.06523102080448806,0.08429390704425666,0.07181724493301271,0.062437860752775555,0.08119662911324987,0.07179663345929234
e01,resnet8_w48,1,e5m2,32,ocp,element_pert,2702,0.0025906735751295338,0.0012554934759123598,0.00533818878234903,2.220577350111029e-05,3.0285192804218024e-06,4.1383027721798774e-05,0.0
e01,resnet8_w48,1,e5m2,32,ocp,scale,89,0.4157303370786517,0.31890529285727987,0.5195289563398414,0.30337078651685395,0.21257872231599276,0.3941628507177152,0.15730337078651685
e01,resnet8_w48,1,e5m2,32,ocp,all,3000,0.08433333333333333,0.0749131829751923,0.09481663326512867,0.07868666666666667,0.06909591008761258,0.08827742324572076,0.07433333333333333
e01,resnet8_w48,2,e3m2,32,ocp,element,2875,0.01008695652173913,0.007032398135009216,0.01444897195962157,6.08695652173913e-05,3.760284683242364e-05,8.413628360235896e-05,0.0
e01,resnet8_w48,2,e3m2,32,ocp,element_pert,2875,0.01008695652173913,0.007032398135009216,0.01444897195962157,6.08695652173913e-05,3.760284683242364e-05,8.413628360235896e-05,0.0
e01,resnet8_w48,2,e3m2,32,ocp,scale,125,0.376,0.29597688696723545,0.46341733067242963,0.15247999999999998,0.09238169969773981,0.21257830030226016,0.136
e01,resnet8_w48,2,e3m2,32,ocp,all,3000,0.025333333333333333,0.02028834763664708,0.03159237275326237,0.006411666666666666,0.003689317199623155,0.009134016133710177,0.005666666666666667
e01,resnet8_w48,2,e4m3,32,ocp,element,2911,0.025420817588457576,0.020298086949433723,0.03179444053990943,0.011763998625901754,0.007860523323514647,0.01566747392828886,0.011679835108210237
e01,resnet8_w48,2,e4m3,32,ocp,element_pert,2877,0.013903371567605145,0.010226995036655012,0.01887611945927966,8.515815085158151e-05,5.6216295655440985e-05,0.00011410000604772204,0.0
e01,resnet8_w48,2,e4m3,32,ocp,scale,89,0.449438202247191,0.35032388104201406,0.5527366684762587,0.1891011235955056,0.11183983384748147,0.2663624133435297,0.15730337078651685
e01,resnet8_w48,2,e4m3,32,ocp,all,3000,0.038,0.03172798089876353,0.04545367532343766,0.017025,0.012475020424717313,0.021574979575282684,0.016
e01,resnet8_w48,2,e5m2,32,ocp,element,2911,0.08416351769151495,0.07461779599431399,0.09480529812501275,0.07733596702164204,0.0676334974327893,0.08703843661049478,0.07729302645139127
e01,resnet8_w48,2,e5m2,32,ocp,element_pert,2686,0.007446016381236039,0.004825362296081631,0.011473538398205207,4.839910647803425e-05,2.266019617663429e-05,7.41380167794342e-05,0.0
e01,resnet8_w48,2,e5m2,32,ocp,scale,89,0.4943820224719101,0.3929145023562317,0.596314447590243,0.30044943820224723,0.21013338121154193,0.39076549519295256,0.15730337078651685
e01,resnet8_w48,2,e5m2,32,ocp,all,3000,0.09633333333333334,0.08628573714307874,0.10741338672783443,0.083955,0.074077211562053,0.093832788437947,0.07966666666666666
e01,resnet8_w48,3,e3m2,32,ocp,element,2875,0.21982608695652173,0.2050675684150785,0.23533232055277736,0.001177391304347826,0.0010910358865034912,0.001263746722192161,0.0
e01,resnet8_w48,3,e3m2,32,ocp,element_pert,2875,0.21982608695652173,0.2050675684150785,0.23533232055277736,0.001177391304347826,0.0010910358865034912,0.001263746722192161,0.0
e01,resnet8_w48,3,e3m2,32,ocp,scale,125,0.752,0.6695405133205623,0.8194325282504411,0.15511999999999995,0.09485986105113281,0.2153801389488671,0.128
e01,resnet8_w48,3,e3m2,32,ocp,all,3000,0.242,0.22701015977609199,0.25764972616617615,0.007591666666666666,0.0048576276880963635,0.010325705645236969,0.005333333333333333
e01,resnet8_w48,3,e4m3,32,ocp,element,2911,0.05049811061490896,0.04311921560712458,0.059061799390925006,0.012925111645482651,0.008855613244981589,0.016994610045983714,0.012710408794228788
e01,resnet8_w48,3,e4m3,32,ocp,element_pert,2874,0.038274182324286705,0.03185386848760741,0.045927156639614754,0.0002174669450243563,0.00017438637694377275,0.00026054751310493985,0.0
e01,resnet8_w48,3,e4m3,32,ocp,scale,89,0.550561797752809,0.44726333152374137,0.649676118957986,0.19067415730337078,0.11437212262140076,0.26697619198534084,0.15730337078651685
e01,resnet8_w48,3,e4m3,32,ocp,all,3000,0.06533333333333333,0.0570347299761277,0.07474368251575565,0.018198333333333334,0.013526525727585592,0.022870140939081074,0.017
e01,resnet8_w48,3,e5m2,32,ocp,element,2911,0.3971143936791481,0.37948648598123136,0.41501348650017167,0.0830676743387152,0.0731488762779718,0.0929864723994586,0.08141532119546548
e01,resnet8_w48,3,e5m2,32,ocp,element_pert,2674,0.34367988032909497,0.3259144106871452,0.36189384351466636,0.001798803290949888,0.001698556463659929,0.001899050118239847,0.0
e01,resnet8_w48,3,e5m2,32,ocp,scale,89,0.7865168539325843,0.690471517751574,0.8588520349782139,0.3060674157303371,0.2162794545780343,0.39585537688263983,0.15730337078651685
e01,resnet8_w48,3,e5m2,32,ocp,all,3000,0.4086666666666667,0.3912034240412069,0.4263635123259527,0.08968333333333332,0.0796094799244878,0.09975718674217884,0.08366666666666667
e01,resnet8_w8,0,e3m2,32,ocp,element,2878,0.4155663655316192,0.3976856758419574,0.4336721531904277,0.006596594857539958,0.005961541437715435,0.0072316482773644815,0.0
e01,resnet8_w8,0,e3m2,32,ocp,element_pert,2878,0.4155663655316192,0.3976856758419574,0.4336721531904277,0.006596594857539958,0.005961541437715435,0.0072316482773644815,0.0
e01,resnet8_w8,0,e3m2,32,ocp,scale,122,0.9754098360655737,0.93019240156411,0.9916023796397794,0.21393442622950817,0.15714946344321476,0.27071938901580156,0.09836065573770492
e01,resnet8_w8,0,e3m2,32,ocp,all,3000,0.43833333333333335,0.4206680354183415,0.4561563559244487,0.015028333333333331,0.012233660631075914,0.017823006035590748,0.004
e01,resnet8_w8,0,e4m3,32,ocp,element,2893,0.36571033529208435,0.34834878001254194,0.3834280496672165,0.02069650881437954,0.016225463464516258,0.02516755416424282,0.015209125475285171
e01,resnet8_w8,0,e4m3,32,ocp,element_pert,2849,0.35591435591435594,0.338538026680528,0.3736787186764383,0.005572130572130572,0.005001741578348972,0.006142519565912172,0.0
e01,resnet8_w8,0,e4m3,32,ocp,scale,107,0.9626168224299065,0.907799501476478,0.9853681007304741,0.3472897196261681,0.2725058408937242,0.422073598358612,0.14018691588785046
e01,resnet8_w8,0,e4m3,32,ocp,all,3000,0.387,0.3697260299185828,0.4045629898933409,0.032345,0.026836901283755148,0.03785309871624485,0.019666666666666666
e01,resnet8_w8,0,e5m2,32,ocp,element,2893,0.44694089180781194,0.4289061986026315,0.4651163068178135,0.07837020394054614,0.06896101340086978,0.0877793944802225,0.07258900795022467
e01,resnet8_w8,0,e5m2,32,ocp,element_pert,2683,0.4036526276556094,0.38523829922370656,0.4223424576152469,0.006270965337308982,0.005672305876748907,0.006869624797869057,0.0
e01,resnet8_w8,0,e5m2,32,ocp,scale,107,0.9813084112149533,0.9343961469302772,0.9948590351638246,0.3059345794392523,0.23359389540608105,0.3782752634724235,0.14018691588785046
e01,resnet8_w8,0,e5m2,32,ocp,all,3000,0.466,0.4482043182420676,0.4838826434712546,0.08648666666666666,0.07693638588305567,0.09603694745027765,0.075
e01,resnet8_w8,1,e3m2,32,ocp,element,2878,0.657053509381515,0.6395117758154519,0.6741765421983831,0.010667129951355108,0.0099154360040523,0.011418823898657917,0.0
e01,resnet8_w8,1,e3m2,32,ocp,element_pert,2878,0.657053509381515,0.6395117758154519,0.6741765421983831,0.010667129951355108,0.0099154360040523,0.011418823898657917,0.0
e01,resnet8_w8,1,e3m2,32,ocp,scale,122,1.0,0.969473821610987,1.0,0.22266393442622953,0.16493373030161887,0.2803941385508402,0.11475409836065574
e01,resnet8_w8,1,e3m2,32,ocp,all,3000,0.671,0.6539775914457163,0.6875850422902222,0.01928833333333333,0.016418787573702326,0.022157879092964336,0.004666666666666667
e01,resnet8_w8,1,e4m3,32,ocp,element,2893,0.4064984445212582,0.3887354755221555,0.424509395593352,0.019049429657794676,0.015164517994635265,0.022934341320954087,0.01106118216384376
e01,resnet8_w8,1,e4m3,32,ocp,element_pert,2861,0.39986018874519397,0.3820557950169697,0.4179331369234826,0.008077595246417336,0.007175600035444452,0.00897959045739022,0.0
e01,resnet8_w8,1,e4m3,32,ocp,scale,107,0.9719626168224299,0.9207918591418474,0.9904195330086796,0.351822429906542,0.2767520538286503,0.4268928059844337,0.14953271028037382
e01,resnet8_w8,1,e4m3,32,ocp,all,3000,0.4266666666666667,0.40907306322678577,0.4444478345862621,0.030918333333333332,0.025817520902810996,0.03601914576385567,0.016
e01,resnet8_w8,1,e5m2,32,ocp,element,2893,0.7182855167646042,0.7016125523158006,0.7343795507916191,0.08036985827860352,0.07117522823094288,0.08956448832626415,0.06947805046664363
e01,resnet8_w8,1,e5m2,32,ocp,element_pert,2692,0.6972511144130757,0.6796242602697539,0.7143158197468863,0.011844353640416048,0.010795739820720934,0.012892967460111163,0.0
e01,resnet8_w8,1,e5m2,32,ocp,scale,107,1.0,0.9653427619812514,1.0,0.321588785046729,0.24628109957218122,0.39689647052127675,0.14953271028037382
e01,resnet8_w8,1,e5m2,32,ocp,all,3000,0.7283333333333334,0.7121314820148076,0.7439511770672936,0.08897333333333332,0.07957491891688806,0.09837174774977858,0.07233333333333333
e01,resnet8_w8,2,e3m2,32,ocp,element,2878,0.6170952050034746,0.5991910403897626,0.6346871967134727,0.009735927727588604,0.008916595760503633,0.010555259694673575,0.0
e01,resnet8_w8,2,e3m2,32,ocp,element_pert,2878,0.6170952050034746,0.5991910403897626,0.6346871967134727,0.009735927727588604,0.008916595760503633,0.010555259694673575,0.0
e01,resnet8_w8,2,e3m2,32,ocp,scale,122,0.9918032786885246,0.9550291990931754,0.9985516090487794,0.21594262295081965,0.15917598269536404,0.27270926320627525,0.10655737704918032
e01,resnet8_w8,2,e3m2,32,ocp,all,3000,0.6323333333333333,0.6149203905830658,0.6494078074542979,0.018121666666666668,0.01528793084833209,0.020955402485001245,0.004333333333333333
e01,resnet8_w8,2,e4m3,32,ocp,element,2893,0.5057034220532319,0.4874893149161036,0.5239024027422851,0.02032665053577601,0.016315726760434846,0.02433757431111717,0.012098167991704113
e01,resnet8_w8,2,e4m3,32,ocp,element_pert,2858,0.4996501049685094,0.48133185129500494,0.5179692979724236,0.00832925122463261,0.007631859151443977,0.009026643297821244,0.0
e01,resnet8_w8,2,e4m3,32,ocp,scale,107,0.9906542056074766,0.9489506437051968,0.99834832833248,0.3421495327102804,0.26650253344548613,0.4177965319750747,0.1588785046728972
e01,resnet8_w8,2,e4m3,32,ocp,all,3000,0.523,0.5051089926111603,0.5408321803474747,0.031805,0.026634188360373012,0.03697581163962699,0.017333333333333333
e01,resnet8_w8,2,e5m2,32,ocp,element,2893,0.6958174904942965,0.6788025016636164,0.71231313794106,0.08754925682682335,0.07782429785863117,0.09727421579501554,0.07846526097476668
e01,resnet8_w8,2,e5m2,32,ocp,element_pert,2666,0.6699174793698425,0.6518340966332148,0.6875118959937006,0.009885596399099776,0.009137430453244907,0.010633762344954644,0.0
e01,resnet8_w8,2,e5m2,32,ocp,scale,107,1.0,0.9653427619812514,1.0,0.3034579439252336,0.22967879284560955,0.3772370950048577,0.1588785046728972
e01,resnet8_w8,2,e5m2,32,ocp,all,3000,0.7066666666666667,0.6901186068525245,0.7226861356743408,0.09525,0.08540806501888466,0.10509193498111534,0.08133333333333333
e01,resnet8_w8,3,e3m2,32,ocp,element,2878,0.6879777623349548,0.670809515847662,0.7046448647839413,0.01219423210562891,0.011263857225012844,0.013124606986244975,0.0
e01,resnet8_w8,3,e3m2,32,ocp,element_pert,2878,0.6879777623349548,0.670809515847662,0.7046448647839413,0.01219423210562891,0.011263857225012844,0.013124606986244975,0.0
e01,resnet8_w8,3,e3m2,32,ocp,scale,122,1.0,0.969473821610987,1.0,0.22643442622950816,0.16824274500052883,0.2846261074584875,0.10655737704918032
e01,resnet8_w8,3,e3m2,32,ocp,all,3000,0.7006666666666667,0.6840307130927283,0.7167893756188408,0.020906666666666667,0.017966181345727004,0.02384715198760633,0.004333333333333333
e01,resnet8_w8,3,e4m3,32,ocp,element,2893,0.3142067058416868,0.2975472654236395,0.33135890176521543,0.019516073280331836,0.015173807888838223,0.02385833867182545,0.014172139647424819
e01,resnet8_w8,3,e4m3,32,ocp,element_pert,2852,0.30434782608695654,0.2877332339546642,0.32148877080576577,0.0054207573632538576,0.0047055602420822944,0.006135954484425421,0.0
e01,resnet8_w8,3,e4m3,32,ocp,scale,107,0.9626168224299065,0.907799501476478,0.9853681007304741,0.35626168224299065,0.2785039120444018,0.4340194524415795,0.1588785046728972
e01,resnet8_w8,3,e4m3,32,ocp,all,3000,0.3373333333333333,0.3206322922828592,0.3544504265024468,0.03152666666666666,0.026035556260635025,0.037017777072698294,0.019333333333333334
e01,resnet8_w8,3,e5m2,32,ocp,element,2893,0.6121673003802282,0.5942742818802558,0.6297628320680542,0.08129968890425164,0.07197228703287781,0.09062709077562547,0.07155202212236433
e01,resnet8_w8,3,e5m2,32,ocp,element_pert,2686,0.5822784810126582,0.5635228530997359,0.6007990992408253,0.010543559195830231,0.009639564794577808,0.011447553597082655,0.0
e01,resnet8_w8,3,e5m2,32,ocp,scale,107,1.0,0.9653427619812514,1.0,0.3162616822429906,0.24147963634801278,0.39104372813796845,0.14953271028037382
e01,resnet8_w8,3,e5m2,32,ocp,all,3000,0.626,0.6085346706720537,0.6431430594491642,0.08967999999999998,0.0801728263686376,0.09918717363136237,0.07433333333333333
e01,resnet8_w8,4,e3m2,32,ocp,element,2878,0.5979847116052814,0.5799525369361472,0.6157556614707144,0.010952050034746353,0.010174947942985266,0.01172915212650744,0.0
e01,resnet8_w8,4,e3m2,32,ocp,element_pert,2878,0.5979847116052814,0.5799525369361472,0.6157556614707144,0.010952050034746353,0.010174947942985266,0.01172915212650744,0.0
e01,resnet8_w8,4,e3m2,32,ocp,scale,122,1.0,0.969473821610987,1.0,0.23438524590163934,0.17535262489789186,0.29341786690538685,0.11475409836065574
e01,resnet8_w8,4,e3m2,32,ocp,all,3000,0.6143333333333333,0.5967797546947513,0.6315944818967241,0.02003833333333333,0.01707718203253409,0.022999484634132573,0.004666666666666667
e01,resnet8_w8,4,e4m3,32,ocp,element,2893,0.44866920152091255,0.43062561912865915,0.46684892194584315,0.020658486000691326,0.01634486563430599,0.02497210636707666,0.014172139647424819
e01,resnet8_w8,4,e4m3,32,ocp,element_pert,2852,0.44074333800841514,0.4226141473924369,0.45903194365507677,0.0065795932678821886,0.006031532219102418,0.0071276543166619594,0.0
e01,resnet8_w8,4,e4m3,32,ocp,scale,107,0.9813084112149533,0.9343961469302772,0.9948590351638246,0.3580841121495327,0.2815055468792845,0.4346626774197809,0.14953271028037382
e01,resnet8_w8,4,e4m3,32,ocp,all,3000,0.4676666666666667,0.4498648962635153,0.4855511359540558,0.03269333333333333,0.02724241702734188,0.03814424963932478,0.019
e01,resnet8_w8,4,e5m2,32,ocp,element,2893,0.6653992395437263,0.6479958484968789,0.6823639635963916,0.07955236778430694,0.07039016996543765,0.08871456560317623,0.06913238852402351
e01,resnet8_w8,4,e5m2,32,ocp,element_pert,2693,0.6405495729669514,0.6222383549431674,0.6584603852530879,0.011253249164500557,0.010487520066936389,0.012018978262064725,0.0
e01,resnet8_w8,4,e5m2,32,ocp,scale,107,1.0,0.9653427619812514,1.0,0.3144859813084112,0.24169257399981858,0.38727938861700384,0.14953271028037382
e01,resnet8_w8,4,e5m2,32,ocp,all,3000,0.6773333333333333,0.660386876377134,0.6938262252749504,0.08793166666666666,0.07859489629072983,0.09726843704260349,0.072
e01,vit_small,0,e2m1,32,ocp,element,2811,0.03628601921024546,0.02998173208897432,0.04385598199236202,0.00018498754891497688,0.00014906169386973253,0.00022091340396022122,0.0
e01,vit_small,0,e2m1,32,ocp,element_pert,2811,0.03628601921024546,0.02998173208897432,0.04385598199236202,0.00018498754891497688,0.00014906169386973253,0.00022091340396022122,0.0
e01,vit_small,0,e2m1,32,ocp,scale,189,0.4074074074074074,0.3398783143866667,0.4786254440165336,0.09259259259259259,0.05368017081869321,0.13150501436649198,0.09523809523809523
e01,vit_small,0,e2m1,32,ocp,all,3000,0.059666666666666666,0.0517404459622769,0.06871912681516018,0.006006666666666665,0.0034324102231583337,0.008580923110174997,0.006
e01,vit_small,0,e2m3,32,ocp,element,2868,0.009414225941422594,0.006478119956517639,0.013662775580399087,5.753138075313808e-05,3.274008158309496e-05,8.23226799231812e-05,0.0
e01,vit_small,0,e2m3,32,ocp,element_pert,2868,0.009414225941422594,0.006478119956517639,0.013662775580399087,5.753138075313808e-05,3.274008158309496e-05,8.23226799231812e-05,0.0
e01,vit_small,0,e2m3,32,ocp,scale,132,0.32575757575757575,0.2517200208582752,0.40964992908669445,0.07859848484848485,0.03527548455767198,0.12192148513929771,0.08333333333333333
e01,vit_small,0,e2m3,32,ocp,all,3000,0.023333333333333334,0.018510134550341235,0.029375701234469517,0.003513333333333333,0.0015283236089248925,0.005498343057741774,0.0036666666666666666
e01,vit_small,0,e3m2,32,ocp,element,2868,0.000697350069735007,0.00019125937699332658,0.0025392043108991716,6.97350069735007e-06,0.0,1.6636593907235536e-05,0.0
e01,vit_small,0,e3m2,32,ocp,element_pert,2868,0.000697350069735007,0.00019125937699332658,0.0025392043108991716,6.97350069735007e-06,0.0,1.6636593907235536e-05,0.0
e01,vit_small,0,e3m2,32,ocp,scale,132,0.21212121212121213,0.15103480431616229,0.2894894608103093,0.08810606060606063,0.0431693064667454,0.13304281474537588,0.08333333333333333
e01,vit_small,0,e3m2,32,ocp,all,3000,0.01,0.007013704253986818,0.014239567496832629,0.0038833333333333333,0.0018098447067825263,0.00595682195988414,0.0036666666666666666
e01,vit_small,0,e4m3,32,ocp,element,2901,0.03136849362288866,0.025619117910571348,0.038357337071636854,0.012180282661151325,0.008207043237270124,0.016153522085032526,0.012064805239572561
e01,vit_small,0,e4m3,32,ocp,element_pert,2866,0.019539427773900907,0.015077920017191963,0.025287187422679276,0.00011688764829030007,8.45449475649066e-05,0.00014923034901569355,0.0
e01,vit_small,0,e4m3,32,ocp,scale,99,0.46464646464646464,0.3695649572227244,0.562369108277021,0.09782828282828282,0.047917324054341105,0.14773924160222454,0.0707070707070707
e01,vit_small,0,e4m3,32,ocp,all,3000,0.04566666666666667,0.03875960781167959,0.0537357727300666,0.015006666666666665,0.010793841329414381,0.019219492003918946,0.014
e01,vit_small,0,e5m2,32,ocp,element,2901,0.06652878317821441,0.05802153099742512,0.07618250882613267,0.06584625991037572,0.056820002578831116,0.07487251724192033,0.06583936573595311
e01,vit_small,0,e5m2,32,ocp,element_pert,2710,0.0007380073800738007,0.0002024115785688185,0.002687019856420626,7.380073800738008e-06,0.0,1.76064462480586e-05,0.0
e01,vit_small,0,e5m2,32,ocp,scale,99,0.21212121212121213,0.14313535489794357,0.30261346417141166,0.14373737373737375,0.08050473024252532,0.2069700172322222,0.0707070707070707
e01,vit_small,0,e5m2,32,ocp,all,3000,0.07133333333333333,0.0626610280287148,0.08110203827846464,0.06841666666666667,0.05943092145910181,0.07740241187423152,0.066
e01,vit_small,1,e2m1,32,ocp,element,2811,0.04695837780149413,0.0397371493220341,0.0554161524674418,0.00023834934187122022,0.0001980437213587726,0.00027865496238366785,0.0
e01,vit_small,1,e2m1,32,ocp,element_pert,2811,0.04695837780149413,0.0397371493220341,0.0554161524674418,0.00023834934187122022,0.0001980437213587726,0.00027865496238366785,0.0
e01,vit_small,1,e2m1,32,ocp,scale,189,0.3544973544973545,0.28981813693186,0.42497348341602625,0.0893121693121693,0.05090033836928873,0.12772400025504987,0.10582010582010581
e01,vit_small,1,e2m1,32,ocp,all,3000,0.06633333333333333,0.057971044709308375,0.07580481008512431,0.005849999999999999,0.0033145571304310007,0.008385442869568998,0.006666666666666667
e01,vit_small,1,e2m3,32,ocp,element,2868,0.029637377963737797,0.02403238980135334,0.03650070762529958,0.000148186889818689,0.00011714850250063936,0.0001792252771367386,0.0
e01,vit_small,1,e2m3,32,ocp,element_pert,2868,0.029637377963737797,0.02403238980135334,0.03650070762529958,0.000148186889818689,0.00011714850250063936,0.0001792252771367386,0.0
e01,vit_small,1,e2m3,32,ocp,scale,132,0.3560606060606061,0.2795059103512503,0.4407562222119856,0.07803030303030302,0.03563063937763012,0.12042996668297593,0.08333333333333333
e01,vit_small,1,e2m3,32,ocp,all,3000,0.044,0.037225603621850144,0.05194070641564714,0.003575,0.0016300312437988514,0.005519968756201149,0.0036666666666666666
e01,vit_small,1,e3m2,32,ocp,element,2868,0.0020920502092050207,0.0009591471299498831,0.004556985653786491,1.7433751743375174e-05,2.1630584682181205e-06,3.270444501853223e-05,0.0
e01,vit_small,1,e3m2,32,ocp,element_pert,2868,0.0020920502092050207,0.0009591471299498831,0.004556985653786491,1.7433751743375174e-05,2.1630584682181205e-06,3.270444501853223e-05,0.0
e01,vit_small,1,e3m2,32,ocp,scale,132,0.25,0.18391039088553685,0.33022910251376747,0.08587121212121213,0.04273589542322458,0.12900652881919966,0.08333333333333333
e01,vit_small,1,e3m2,32,ocp,all,3000,0.013,0.009524410987561932,0.017721187670905556,0.0037949999999999993,0.0018016349318254964,0.005788365068174503,0.0036666666666666666
e01,vit_small,1,e4m3,32,ocp,element,2901,0.07928300586004826,0.06999846730247078,0.08968028466941971,0.01068597035504998,0.007004940715626422,0.014366999994473538,0.010341261633919338
e01,vit_small,1,e4m3,32,ocp,element_pert,2871,0.06966213862765587,0.06091348881320354,0.07956085198274293,0.00034831069313827936,0.0003017409463388916,0.00039488043993766715,0.0
e01,vit_small,1,e4m3,32,ocp,scale,99,0.5050505050505051,0.4082317028425853,0.6014920020860226,0.09202020202020202,0.04346343511501711,0.14057696892538693,0.0707070707070707
e01,vit_small,1,e4m3,32,ocp,all,3000,0.09333333333333334,0.08343756972048183,0.10426922724278329,0.013369999999999998,0.009435128370255577,0.01730487162974442,0.012333333333333333
e01,vit_small,1,e5m2,32,ocp,element,2901,0.06928645294725956,0.06060387284820004,0.0791082128452675,0.06723543605653223,0.05812197973378924,0.07634889237927522,0.0672182006204757
e01,vit_small,1,e5m2,32,ocp,element_pert,2706,0.0022172949002217295,0.001016590058241316,0.004829308700569551,1.8477457501847746e-05,2.2932313435060312e-06,3.466168366018946e-05,0.0
e01,vit_small,1,e5m2,32,ocp,scale,99,0.24242424242424243,0.1686628935812074,0.3354281550597947,0.15707070707070708,0.09129417846717626,0.22284723567423792,0.0707070707070707
e01,vit_small,1,e5m2,32,ocp,all,3000,0.075,0.0661087063006732,0.08497831511585385,0.07020000000000001,0.06110832896685395,0.07929167103314608,0.06733333333333333
e01,vit_small,2,e2m1,32,ocp,element,2811,0.06688011383849164,0.05822363597043009,0.07671876287423965,0.0003379580220562078,0.0002907674807225352,0.0003851485633898804,0.0
e01,vit_small,2,e2m1,32,ocp,element_pert,2811,0.06688011383849164,0.05822363597043009,0.07671876287423965,0.0003379580220562078,0.0002907674807225352,0.0003851485633898804,0.0
e01,vit_small,2,e2m1,32,ocp,scale,189,0.47619047619047616,0.40617359137981945,0.5471559464952892,0.09074074074074075,0.052225348917592125,0.12925613256388938,0.09523809523809523
e01,vit_small,2,e2m1,32,ocp,all,3000,0.09266666666666666,0.08280508045768813,0.10357008830387741,0.006033333333333334,0.003488043940292193,0.008578622726374475,0.006
e01,vit_small,2,e2m3,32,ocp,element,2868,0.03172942817294282,0.02591469169638123,0.03879690937403751,0.00018131101813110182,0.00014230998965383292,0.00022031204660837071,0.0
e01,vit_small,2,e2m3,32,ocp,element_pert,2868,0.03172942817294282,0.02591469169638123,0.03879690937403751,0.00018131101813110182,0.00014230998965383292,0.00022031204660837071,0.0
e01,vit_small,2,e2m3,32,ocp,scale,132,0.5227272727272727,0.43808723010895556,0.6060819068547441,0.08011363636363636,0.038229984266826736,0.12199728846044598,0.08333333333333333
e01,vit_small,2,e2m3,32,ocp,all,3000,0.05333333333333334,0.04584887477722538,0.06196023008406583,0.003698333333333333,0.0017703141342218284,0.005626352532444838,0.0036666666666666666
e01,vit_small,2,e3m2,32,ocp,element,2868,0.009414225941422594,0.006478119956517639,0.013662775580399087,5.753138075313808e-05,3.4702276885602304e-05,8.036048462067386e-05,0.0
e01,vit_small,2,e3m2,32,ocp,element_pert,2868,0.009414225941422594,0.006478119956517639,0.013662775580399087,5.753138075313808e-05,3.4702276885602304e-05,8.036048462067386e-05,0.0
e01,vit_small,2,e3m2,32,ocp,scale,132,0.42424242424242425,0.34324610863638255,0.5095234348179523,0.08916666666666666,0.04661761980664732,0.13171571352668598,0.08333333333333333
e01,vit_small,2,e3m2,32,ocp,all,3000,0.027666666666666666,0.02237431560323675,0.03416710349262118,0.003978333333333333,0.0020014903174034844,0.005955176349263181,0.0036666666666666666
e01,vit_small,2,e4m3,32,ocp,element,2901,0.025163736642537057,0.020061554944681835,0.031521796830229376,0.01487762840399862,0.010479631314519174,0.019275625493478065,0.014822475008617718
e01,vit_small,2,e4m3,32,ocp,element_pert,2858,0.010496850944716585,0.007362634951722298,0.014945190180911665,5.598320503848844e-05,3.550843210618804e-05,7.645797797078884e-05,0.0
e01,vit_small,2,e4m3,32,ocp,scale,99,0.3838383838383838,0.2940864603561134,0.4822683262859071,0.11217171717171717,0.05953361245317348,0.16480982189026086,0.0707070707070707
e01,vit_small,2,e4m3,32,ocp,all,3000,0.037,0.030815880164332454,0.044368333755319386,0.01808833333333333,0.013455680708257709,0.022720985958408955,0.016666666666666666
e01,vit_small,2,e5m2,32,ocp,element,2901,0.08307480179248534,0.07357438158238384,0.09367793346063256,0.0738210961737332,0.06430790840349719,0.0833342839439692,0.07376766632195794
e01,vit_small,2,e5m2,32,ocp,element_pert,2687,0.010048381094157052,0.0069150568805301784,0.014580620105970582,5.7685150725716414e-05,3.500891229259687e-05,8.036138915883596e-05,0.0
e01,vit_small,2,e5m2,32,ocp,scale,99,0.30303030303030304,0.22126289634155027,0.3995126114427454,0.14444444444444443,0.08173534676685384,0.20715354212203502,0.0707070707070707
e01,vit_small,2,e5m2,32,ocp,all,3000,0.09033333333333333,0.08059265547089096,0.10112181458472609,0.07615166666666666,0.06671399014625186,0.08558934318708146,0.07366666666666667
e03,resnet8,0,e2m1,16,ocp,element,1000,0.419,0.3887865610288496,0.4498333738458103,0.0051400000000000005,0.003946407872509706,0.006333592127490295,0.0
e03,resnet8,0,e2m1,16,ocp,element_pert,1000,0.419,0.3887865610288496,0.4498333738458103,0.0051400000000000005,0.003946407872509706,0.006333592127490295,0.0
e03,resnet8,0,e2m1,16,ocp,scale,1000,0.913,0.8939135189433066,0.928925578547625,0.170985,0.1503675181707217,0.1916024818292783,0.125
e03,resnet8,0,e2m1,16,ocp,all,2000,0.666,0.6450289994977745,0.6863345408048496,0.0880625,0.07711776319371935,0.09900723680628065,0.0625
e03,resnet8,0,e2m1,32,ocp,element,1000,0.311,0.2830785879940784,0.34036792671346144,0.003975,0.002690408869183127,0.005259591130816874,0.0
e03,resnet8,0,e2m1,32,ocp,element_pert,1000,0.311,0.2830785879940784,0.34036792671346144,0.003975,0.002690408869183127,0.005259591130816874,0.0
e03,resnet8,0,e2m1,32,ocp,scale,1000,0.935,0.9179944906866292,0.948676229430938,0.18494999999999998,0.16416283670546086,0.2057371632945391,0.128
e03,resnet8,0,e2m1,32,ocp,all,2000,0.623,0.6015435902777672,0.6439848160910445,0.09446249999999999,0.08332157585726156,0.10560342414273842,0.064
e03,resnet8,0,e2m1,64,ocp,element,1000,0.321,0.2927964857623614,0.3505734937754673,0.005185000000000001,0.0038752604308569675,0.006494739569143035,0.0
e03,resnet8,0,e2m1,64,ocp,element_pert,1000,0.321,0.2927964857623614,0.3505734937754673,0.005185000000000001,0.0038752604308569675,0.006494739569143035,0.0
e03,resnet8,0,e2m1,64,ocp,scale,1000,0.981,0.9705155440876868,0.9878031142492091,0.20382999999999998,0.18296674717038608,0.2246932528296139,0.128
e03,resnet8,0,e2m1,64,ocp,all,2000,0.651,0.6298386543457192,0.6715823973753424,0.10450749999999999,0.09318711461651721,0.11582788538348276,0.064
e03,resnet8,0,e2m1,8,ocp,element,1000,0.175,0.1527057476303958,0.19978164538521503,0.0028650000000000004,0.001649560830310618,0.004080439169689382,0.0
e03,resnet8,0,e2m1,8,ocp,element_pert,1000,0.175,0.1527057476303958,0.19978164538521503,0.0028650000000000004,0.001649560830310618,0.004080439169689382,0.0
e03,resnet8,0,e2m1,8,ocp,scale,1000,0.707,0.6780414921958111,0.7343742297911691,0.14879499999999998,0.1290815616537299,0.16850843834627008,0.104
e03,resnet8,0,e2m1,8,ocp,all,2000,0.441,0.4193737090259569,0.4628525025532309,0.07583,0.06545181637623691,0.08620818362376308,0.052
e03,resnet8,0,e4m3,16,ocp,element,1000,0.32,0.29182400898144156,0.3495536240733583,0.018049999999999997,0.010479332338238265,0.02562066766176173,0.015
e03,resnet8,0,e4m3,16,ocp,element_pert,985,0.3096446700507614,0.28155740270655977,0.33921092506235256,0.003096446700507615,0.0021605190468915987,0.0040323743541236315,0.0
e03,resnet8,0,e4m3,16,ocp,scale,1000,0.89,0.8690945010531241,0.9079206273281428,0.22629,0.20302740484454052,0.24955259515545947,0.127
e03,resnet8,0,e4m3,16,ocp,all,2000,0.605,0.5833938766633713,0.6262035434075655,0.12216999999999999,0.10911723206671319,0.13522276793328677,0.071
e03,resnet8,0,e4m3,32,ocp,element,1000,0.309,0.28113685771666347,0.33832496402481854,0.017595,0.010021731249379225,0.025168268750620774,0.015
e03,resnet8,0,e4m3,32,ocp,element_pert,985,0.2984771573604061,0.27072852409178977,0.32779154557289886,0.002634517766497462,0.0017057477310879038,0.0035632878019070204,0.0
e03,resnet8,0,e4m3,32,ocp,scale,1000,0.924,0.9059043568759517,0.9388505519282977,0.24369499999999997,0.22006692576634412,0.2673230742336558,0.127
e03,resnet8,0,e4m3,32,ocp,all,2000,0.6165,0.5949859840044054,0.6375673439790628,0.13064499999999998,0.11728858713046234,0.14400141286953763,0.071
e03,resnet8,0,e4m3,64,ocp,element,1000,0.146,0.1254692734304005,0.1692400715773725,0.014834999999999997,0.007764855956967409,0.021905144043032586,0.013
e03,resnet8,0,e4m3,64,ocp,element_pert,987,0.1347517730496454,0.11485972703497808,0.15747592910708635,0.0018591691995947317,0.000936497317155859,0.0027818410820336045,0.0
e03,resnet8,0,e4m3,64,ocp,scale,1000,0.941,0.9246390972285408,0.9539857017871995,0.25065,0.22667085546194823,0.2746291445380517,0.129
e03,resnet8,0,e4m3,64,ocp,all,2000,0.5435,0.5216074075925461,0.5652258092939848,0.13274249999999999,0.11921899905076658,0.1462660009492334,0.071
e03,resnet8,0,e4m3,8,ocp,element,1000,0.168,0.14610794675394784,0.19243302088046083,0.015124999999999996,0.0080539282346372,0.022196071765362792,0.013
e03,resnet8,0,e4m3,8,ocp,element_pert,987,0.15704154002026344,0.13567759422128942,0.18106476251682105,0.0021529888551165147,0.001207211539644388,0.0030987661705886415,0.0
e03,resnet8,0,e4m3,8,ocp,scale,1000,0.731,0.7026702288645861,0.7575618087150875,0.200315,0.1780760496360433,0.2225539503639567,0.105
e03,resnet8,0,e4m3,8,ocp,all,2000,0.4495,0.42781649310232195,0.47137712867308457,0.10772,0.09536882614076174,0.12007117385923825,0.059
e03b,repvgg_a0,0,e4m3,16,fit,element,1500,0.02,0.014044885285323426,0.02840736820605081,0.008723333333333333,0.004031166878421287,0.01341549978824538,0.008666666666666666
e03b,repvgg_a0,0,e4m3,16,fit,element_pert,1487,0.011432414256893073,0.007150009337485338,0.01823260837602257,5.716207128446537e-05,3.0135632058174908e-05,8.418851051075584e-05,0.0
e03b,repvgg_a0,0,e4m3,16,fit,all,1500,0.02,0.014044885285323426,0.02840736820605081,0.008723333333333333,0.004031166878421287,0.01341549978824538,0.008666666666666666
e03b,repvgg_a0,0,e4m3,16,ocp,element,1500,0.01,0.006069437504076523,0.016433904601701334,0.01,0.00496298954575129,0.015037010454248712,0.01
e03b,repvgg_a0,0,e4m3,16,ocp,element_pert,1485,0.0,0.0,0.002580166476380185,0.0,0.0,0.0,0.0
e03b,repvgg_a0,0,e4m3,16,ocp,all,1500,0.01,0.006069437504076523,0.016433904601701334,0.01,0.00496298954575129,0.015037010454248712,0.01
e03b,repvgg_a0,0,e4m3,32,fit,element,1500,0.015333333333333332,0.0102389148786146,0.022903846632814653,0.00273,0.00011929538358096056,0.005340704616419039,0.0026666666666666666
e03b,repvgg_a0,0,e4m3,32,fit,element_pert,1496,0.01270053475935829,0.008145717950040035,0.019751536506169974,6.350267379679145e-05,3.51208085358044e-05,9.188453905777851e-05,0.0
e03b,repvgg_a0,0,e4m3,32,fit,all,1500,0.015333333333333332,0.0102389148786146,0.022903846632814653,0.00273,0.00011929538358096056,0.005340704616419039,0.0026666666666666666
e03b,repvgg_a0,0,e4m3,32,ocp,element,1500,0.0026666666666666666,0.0010374882451031462,0.006836652177904041,0.0026666666666666666,5.594971977270196e-05,0.005277383613560631,0.0026666666666666666
e03b,repvgg_a0,0,e4m3,32,ocp,element_pert,1496,0.0,0.0,0.0025612432554802255,0.0,0.0,0.0,0.0
e03b,repvgg_a0,0,e4m3,32,ocp,all,1500,0.0026666666666666666,0.0010374882451031462,0.006836652177904041,0.0026666666666666666,5.594971977270196e-05,0.005277383613560631,0.0026666666666666666
e03b,repvgg_a0,0,e4m3,64,fit,element,1500,0.018,0.012399833223269055,0.026062637990985904,0.0034066666666666664,0.0004888281421895936,0.006324505191143739,0.0033333333333333335
e03b,repvgg_a0,0,e4m3,64,fit,element_pert,1495,0.01471571906354515,0.009737935470279886,0.022181023362321625,7.357859531772576e-05,4.3048912090746793e-05,0.00010410827854470472,0.0
e03b,repvgg_a0,0,e4m3,64,fit,all,1500,0.018,0.012399833223269055,0.026062637990985904,0.0034066666666666664,0.0004888281421895936,0.006324505191143739,0.0033333333333333335
e03b,repvgg_a0,0,e4m3,64,ocp,element,1500,0.004,0.0018344861657217117,0.008699509108698324,0.0033366666666666666,0.00041877455095697775,0.006254558782376355,0.0033333333333333335
e03b,repvgg_a0,0,e4m3,64,ocp,element_pert,1495,0.0006688963210702341,0.00011808638538936137,0.0037792296291344514,3.3444816053511705e-06,0.0,9.899665551839465e-06,0.0
e03b,repvgg_a0,0,e4m3,64,ocp,all,1500,0.004,0.0018344861657217117,0.008699509108698324,0.0033366666666666666,0.00041877455095697775,0.006254558782376355,0.0033333333333333335
e03b,repvgg_a0,0,e4m3,8,fit,element,1500,0.02266666666666667,0.016265302571047073,0.03150666062315286,0.012716666666666664,0.007055569241709966,0.018377764091623363,0.012666666666666666
e03b,repvgg_a0,0,e4m3,8,fit,element_pert,1481,0.01012829169480081,0.006147421324275762,0.016643873072616975,5.064145847400406e-05,2.5134846573095466e-05,7.614807037491266e-05,0.0
e03b,repvgg_a0,0,e4m3,8,fit,all,1500,0.02266666666666667,0.016265302571047073,0.03150666062315286,0.012716666666666664,0.007055569241709966,0.018377764091623363,0.012666666666666666
e03b,repvgg_a0,0,e4m3,8,ocp,element,1500,0.019333333333333334,0.013494449728682224,0.027627876336985588,0.015353333333333332,0.009133041327135234,0.02157362533953143,0.015333333333333332
e03b,repvgg_a0,0,e4m3,8,ocp,element_pert,1477,0.004062288422477996,0.001863072781900026,0.008834533451592299,2.031144211238998e-05,4.086454899767145e-06,3.6536429325012814e-05,0.0
e03b,repvgg_a0,0,e4m3,8,ocp,all,1500,0.019333333333333334,0.013494449728682224,0.027627876336985588,0.015353333333333332,0.009133041327135234,0.02157362533953143,0.015333333333333332
e03b,resnet8,0,e4m3,16,fit,element,1500,0.22733333333333333,0.20683601547854155,0.24922366740753074,0.015406666666666664,0.009576894252710064,0.021236439080623264,0.013333333333333334
e03b,resnet8,0,e4m3,16,fit,element_pert,1480,0.2168918918918919,0.19664257326388682,0.2386070654232453,0.0021013513513513517,0.0014499664930245914,0.002752736209678112,0.0
e03b,resnet8,0,e4m3,16,fit,all,1500,0.22733333333333333,0.20683601547854155,0.24922366740753074,0.015406666666666664,0.009576894252710064,0.021236439080623264,0.013333333333333334
e03b,resnet8,0,e4m3,16,ocp,element,1500,0.31133333333333335,0.28840769149433226,0.3352228470307496,0.02082333333333333,0.014079811049070343,0.027566855617596316,0.018
e03b,resnet8,0,e4m3,16,ocp,element_pert,1473,0.2987101154107264,0.27588492048867175,0.3225824732466519,0.002875084860828242,0.002202994815856402,0.003547174905800082,0.0
e03b,resnet8,0,e4m3,16,ocp,all,1500,0.31133333333333335,0.28840769149433226,0.3352228470307496,0.02082333333333333,0.014079811049070343,0.027566855617596316,0.018
e03b,resnet8,0,e4m3,32,fit,element,1500,0.23066666666666666,0.2100525128118286,0.2526568072027758,0.014109999999999998,0.008572120426323653,0.019647879573676343,0.012
e03b,resnet8,0,e4m3,32,fit,element_pert,1482,0.2213225371120108,0.20092241992716378,0.2431636263354082,0.0021356275303643724,0.0014847845197521463,0.0027864705409765987,0.0
e03b,resnet8,0,e4m3,32,fit,all,1500,0.23066666666666666,0.2100525128118286,0.2526568072027758,0.014109999999999998,0.008572120426323653,0.019647879573676343,0.012
e03b,resnet8,0,e4m3,32,ocp,element,1500,0.32,0.29687896763584504,0.3440406274234203,0.015916666666666662,0.010087310035063291,0.021746023298270033,0.013333333333333334
e03b,resnet8,0,e4m3,32,ocp,element_pert,1480,0.3108108108108108,0.28774654811643147,0.33485464241434887,0.0026182432432432434,0.0019436762990413564,0.0032928101874451303,0.0
e03b,resnet8,0,e4m3,32,ocp,all,1500,0.32,0.29687896763584504,0.3440406274234203,0.015916666666666662,0.010087310035063291,0.021746023298270033,0.013333333333333334
e03b,resnet8,0,e4m3,64,fit,element,1500,0.23133333333333334,0.2106960376252335,0.25334320981507735,0.013476666666666665,0.008090874155246458,0.01886245917808687,0.011333333333333334
e03b,resnet8,0,e4m3,64,fit,element_pert,1483,0.222521915037087,0.20208465853891655,0.24439297690933615,0.002167902899527984,0.001515902569986139,0.002819903229069829,0.0
e03b,resnet8,0,e4m3,64,fit,all,1500,0.23133333333333334,0.2106960376252335,0.25334320981507735,0.013476666666666665,0.008090874155246458,0.01886245917808687,0.011333333333333334
e03b,resnet8,0,e4m3,64,ocp,element,1500,0.14466666666666667,0.12777252684703178,0.16337615525144383,0.013603333333333332,0.008062498649005151,0.019144168017661514,0.012
e03b,resnet8,0,e4m3,64,ocp,element_pert,1482,0.13427800269905532,0.11786158138094413,0.15258548175298806,0.0016228070175438598,0.0009706792575066712,0.0022749347775810483,0.0
e03b,resnet8,0,e4m3,64,ocp,all,1500,0.14466666666666667,0.12777252684703178,0.16337615525144383,0.013603333333333332,0.008062498649005151,0.019144168017661514,0.012
e03b,resnet8,0,e4m3,8,fit,element,1500,0.222,0.20169358246695152,0.2437266810134694,0.019306666666666666,0.012682303103132559,0.025931030230200776,0.017333333333333333
e03b,resnet8,0,e4m3,8,fit,element_pert,1474,0.20827679782903663,0.1883178302342793,0.22975235932023944,0.0020081411126187244,0.001359821934399562,0.002656460290837887,0.0
e03b,resnet8,0,e4m3,8,fit,all,1500,0.222,0.20169358246695152,0.2437266810134694,0.019306666666666666,0.012682303103132559,0.025931030230200776,0.017333333333333333
e03b,resnet8,0,e4m3,8,ocp,element,1500,0.19733333333333333,0.17797685915991493,0.21823608956936827,0.024083333333333328,0.016644253496371282,0.031522413170295374,0.022
e03b,resnet8,0,e4m3,8,ocp,element_pert,1467,0.17927743694614862,0.1604940299166009,0.19973613332989593,0.002130197682344922,0.0014566572958257206,0.002803738068864123,0.0
e03b,resnet8,0,e4m3,8,ocp,all,1500,0.19733333333333333,0.17797685915991493,0.21823608956936827,0.024083333333333328,0.016644253496371282,0.031522413170295374,0.022
e06,resnet8_w16,0,e4m3,32,ocp,element,618880,0.40029731127197515,0.3990772470973052,0.4015186131709074,0.016354188210961736,0.01607545940041416,0.016632917021509312,0.012689051189245088
e06,resnet8_w16,0,e4m3,32,ocp,scale,19744,0.944236223662885,0.9409482387639589,0.9473513780108447,0.24943451175040518,0.24414833527662125,0.25472068822418914,0.12332860615883307
e06,resnet8_w16,0,e4m3,32,ocp,all,638624,0.4171139825625094,0.4159051551176142,0.41832380715535894,0.023560209137144857,0.023229362781903466,0.023891055492386248,0.0161096357167911
e06,resnet8_w16,0,e3m2,32,ocp,element,464160,0.07852249224405378,0.07775213137069412,0.07929982948371031,0.0011336608066184076,0.0011112486951935525,0.0011560729180432627,0.0
e06,resnet8_w16,0,e3m2,32,ocp,scale,19744,0.7977613452188006,0.7921009462625745,0.8033058998232845,0.1886545279578606,0.18388732564647137,0.19342173026924986,0.12337925445705024
e06,resnet8_w16,0,e3m2,32,ocp,all,483904,0.10786850284353922,0.10699757580644152,0.1087456556817898,0.008784789958338843,0.008562935427645661,0.009006644489032026,0.005034056341753736
