campaign,fmt,site,words,width,r1,r2,r2_adjacent,ratio_2_to_1,ratio_adj_to_1,union_mean,additive_mean,pair_over_union,exact_set_match,abs_err_union,abs_err_additive,pairs_emergent,pairs_new_nonfinite,nonfinite_1,nonfinite_2,pairs_below_max_single,share_p1e-06,share_p0.0001,share_p0.001,share_p0.01,p_at_1pct,p_at_10pct
resnet8_w16_s0_e3m2-K32-ocp-w,e3m2,element,1500,6,0.0010277777777777776,0.0015902222222222223,0.0009626666666666668,1.5472432432432435,0.9366486486486489,0.0018633333333333332,0.0020555555555555557,0.853428741800835,0.8980444444444444,0.0009220000000000001,0.0010764444444444443,0.020844444444444443,0.0,0.0,0.0,0.05684444444444445,3.868097013987699e-06,0.0003866999010986363,0.003857045684108174,0.03760259792124263,0.0026113567197971897,0.028724923917769086
resnet8_w16_s0_e3m2-K32-ocp-w,e3m2,scale,500,8,0.18745625,0.27765892857142854,0.19933142857142852,1.4811932308014726,1.0633490671632904,0.3456346428571428,0.35741249999999997,0.803330725983362,0.45664285714285713,0.08741642857142856,0.09560857142857143,0.0007857142857142857,0.0007142857142857143,0.12275,0.108,0.43342857142857144,5.184154616388232e-06,0.0005182008064268217,0.0051625751830370265,0.0497597283150644,0.0019484310527406827,0.02143274158014751
resnet8_w16_s0_e4m3-K32-ocp-w,e4m3,element,1500,8,0.015741666666666668,0.01749738095238095,0.017349999999999997,1.1115329350374343,1.1021704605611433,0.03118285714285714,0.031416071428571425,0.5611218007452201,0.8859047619047619,0.037890238095238095,0.038103928571428566,0.02035714285714286,0.012,0.014833333333333334,0.01623809523809524,0.07623809523809524,3.890354028086839e-06,0.0003889241139878262,0.003879153103214271,0.037810782985584976,0.002596416889712486,0.028560585786837345
resnet8_w16_s0_e4m3-K32-ocp-w,e4m3,scale,500,8,0.23486374999999998,0.30903535714285707,0.19923142857142856,1.3158069610267957,0.8482851379637282,0.42730392857142857,0.4368475,0.7232214273714509,0.43307142857142855,0.1308642857142857,0.13765285714285713,0.0008571428571428571,0.001142857142857143,0.123,0.13135714285714287,0.45585714285714285,4.605307759965515e-06,0.0004603664593181823,0.004588780322099339,0.04445065339916125,0.002193333043131784,0.024126663474449625
resnet8_w16_s0_e5m2-K32-ocp-w,e5m2,element,1500,8,0.07590625000000001,0.0786667857142857,0.06497523809523809,1.036367699817679,0.855993256092062,0.15134357142857144,0.1516145238095238,0.5197894100934014,0.847047619047619,0.09934345238095237,0.09960345238095236,0.018,0.013261904761904761,0.075,0.07754761904761905,0.12319047619047618,3.6272774194632516e-06,0.0003626334207308189,0.0036177819979330717,0.03534427399558603,0.0027847287082669596,0.030632015790936558
resnet8_w16_s0_e5m2-K32-ocp-w,e5m2,scale,500,8,0.24926125,0.3644310714285714,0.25076,1.4620446275888106,1.0060127677286381,0.4510632142857143,0.4634153571428571,0.8079379117751154,0.5203571428571429,0.09140857142857144,0.10129642857142857,0.001142857142857143,0.0012142857142857142,0.12275,0.12814285714285714,0.3615,5.117135128516234e-06,0.000511505025047739,0.00509617445034385,0.04914805958491849,0.001973949927070594,0.02171344919777653
resnet8_w16_s9_e3m2-K32-ocp-w,e3m2,element,1500,6,0.0014761111111111112,0.002090888888888889,0.0013786666666666667,1.4164847572450132,0.9339856981558148,0.002562,0.002952222222222223,0.8161158816896522,0.8632,0.0010466666666666667,0.001384,0.01808888888888889,0.0,0.0,0.0,0.09115555555555556,3.541202894165622e-06,0.00035403122247594434,0.0035322357336568856,0.03453452351239851,0.0028524161800811817,0.031376577980893
resnet8_w16_s9_e3m2-K32-ocp-w,e3m2,scale,500,8,0.19160125,0.28045857142857145,0.20119285714285712,1.4637617000336451,1.0500602534840306,0.35130392857142856,0.3642482142857143,0.7983359951852843,0.4549285714285714,0.08991249999999999,0.09918964285714284,0.00028571428571428574,0.0007142857142857143,0.12275,0.1085,0.42178571428571426,5.123144826541451e-06,0.0005121054454382257,0.005102129025446928,0.04920294060758882,0.0019716343759619824,0.021687978135581806
resnet8_w16_s9_e4m3-K32-ocp-w,e4m3,element,1500,8,0.016989166666666666,0.02044738095238095,0.019150952380952376,1.2035540855867533,1.1272449530162776,0.03253011904761904,0.03383714285714285,0.6285676643989271,0.7443333333333333,0.036265357142857134,0.0374397619047619,0.01657142857142857,0.011952380952380952,0.013333333333333334,0.01576190476190476,0.1676190476190476,4.212425767391556e-06,0.00042110865135726344,0.004198950426187674,0.04081329080236023,0.002397900452139557,0.026376904973535124
resnet8_w16_s9_e4m3-K32-ocp-w,e4m3,scale,500,8,0.24587499999999998,0.31853464285714284,0.21013285714285712,1.2955145616965646,0.854632870941971,0.4395082142857143,0.4559910714285714,0.7247524221471563,0.4097857142857143,0.133385,0.1462792857142857,0.00014285714285714287,0.0012857142857142856,0.12275,0.12992857142857142,0.45335714285714285,4.5342849404103315e-06,0.0004532698973701871,0.004518331821417114,0.04379515700240955,0.002227688496394412,0.024504573460338533
resnet8_w16_s9_e5m2-K32-ocp-w,e5m2,element,1500,8,0.0770575,0.08014476190476189,0.06750238095238094,1.0400643922364712,0.8760001421325755,0.15289547619047617,0.15372761904761903,0.5241800732215129,0.7829047619047619,0.09983928571428571,0.10061738095238096,0.012833333333333334,0.0135,0.07508333333333334,0.07785714285714286,0.1830952380952381,3.6402157618376328e-06,0.00036392645249739235,0.0036306396658622457,0.03546587470560388,0.002774830969645116,0.03052314066609628
resnet8_w16_s9_e5m2-K32-ocp-w,e5m2,scale,500,8,0.25163125000000003,0.3655232142857142,0.25347142857142857,1.4526145472222316,1.0073129969804169,0.45267821428571425,0.4669335714285714,0.8074680926769962,0.5225714285714286,0.09214857142857143,0.10403749999999999,0.0012857142857142856,0.0012142857142857142,0.12275,0.12864285714285714,0.3627142857142857,5.084130150923003e-06,0.0005082075319021243,0.005063470935820797,0.04884654263468218,0.001986764411468725,0.021854408526155975
