fmt,leaves,arm,budget,rmse_uniform,rmse,variance_ratio,bias
e3m2,16,learned tree (value),500,0.003369465656053899,0.005834790364490829,0.33348135235463344,-0.00024257695643210495
e3m2,16,learned tree (value+layer),500,0.003369465656053899,0.009764356906530651,0.11907888994175213,-3.557917791559978e-05
e3m2,16,"learned tree (value+layer), pilot reused",500,0.003369465656053899,0.003449720329826565,0.9540129985024487,-0.0021296590167677893
e3m2,16,"learned tree (value+layer), proportional",500,0.003369465656053899,0.0037844803054016564,0.7927012977935224,0.00016353364771540604
e3m2,16,oracle tree (value+layer),500,0.003369465656053899,0.00046258766321987527,53.055935366695415,-0.00025955752572541166
e3m2,16,"oracle tree (value+layer), proportional",500,0.003369465656053899,0.001058881227453046,10.125758619984124,3.809265931018456e-05
e3m2,16,exact |dv| enumeration,500,0.003369465656053899,0.00048744561957719633,47.78259415754356,-0.0001704123153004767
e3m2,16,exact margin_shift,500,0.003369465656053899,0.0003389520545226238,98.82015410793524,1.230311285176089e-06
e3m2,16,learned tree (value),1000,0.0024691753301672214,0.004255831672203693,0.3366161696592138,-3.787865850716707e-05
e3m2,16,learned tree (value+layer),1000,0.0024691753301672214,0.00740796397211537,0.11109797303826757,0.00020710613804723367
e3m2,16,"learned tree (value+layer), pilot reused",1000,0.0024691753301672214,0.002367128183184259,1.0880786933189166,-0.001451259528947914
e3m2,16,"learned tree (value+layer), proportional",1000,0.0024691753301672214,0.002490954058512925,0.9825901877436899,3.14398297126435e-05
e3m2,16,oracle tree (value+layer),1000,0.0024691753301672214,0.00027389556732366875,81.2706720217979,-0.00012165670075560929
e3m2,16,"oracle tree (value+layer), proportional",1000,0.0024691753301672214,0.0008239458671127173,8.980623696853337,-9.341525112577936e-06
e3m2,16,exact |dv| enumeration,1000,0.0024691753301672214,0.0003563530649635293,48.01123322690447,-0.00010581875213311331
e3m2,16,exact margin_shift,1000,0.0024691753301672214,0.00021907355495960832,127.03516237759757,-7.776233577325153e-06
e3m2,16,learned tree (value),3000,0.0014520161365355877,0.0015127438293337484,0.9213234081057482,8.959446034010644e-05
e3m2,16,learned tree (value+layer),3000,0.0014520161365355877,0.0016082065814332725,0.8151906980480079,-0.00014713558697691982
e3m2,16,"learned tree (value+layer), pilot reused",3000,0.0014520161365355877,0.0012413178319094222,1.3682860434316448,-0.0007616336572178351
e3m2,16,"learned tree (value+layer), proportional",3000,0.0014520161365355877,0.0015735864275190985,0.8514549673253908,-5.8758996747988734e-06
e3m2,16,oracle tree (value+layer),3000,0.0014520161365355877,0.00014404153910526894,101.61723629271445,-5.18272637489714e-05
e3m2,16,"oracle tree (value+layer), proportional",3000,0.0014520161365355877,0.0005410278983021749,7.2028366398696475,2.3924545842110914e-05
e3m2,16,exact |dv| enumeration,3000,0.0014520161365355877,0.0001956957633448091,55.0528793676685,-5.5686171615866586e-05
e3m2,16,exact margin_shift,3000,0.0014520161365355877,0.00013590110860059898,114.15551210660662,-7.93597306524875e-06
