tensor,row,blk,lane,bit,r_raw,nonfinite_raw,r_guarded,nonfinite_guarded
layer3.conv2,1,0,19,4,1.0,True,0.01,False
layer2.conv2,13,2,15,1,1.0,True,0.005,False
layer3.conv2,28,3,6,5,1.0,True,0.005,False
layer1.conv2,4,4,1,4,1.0,True,0.01,False
layer3.conv1,6,0,4,3,1.0,True,0.0,False
layer3.shortcut.0,2,0,26,4,1.0,True,0.005,False
layer3.conv1,30,1,6,2,1.0,True,0.005,False
layer3.conv1,16,4,18,2,1.0,True,0.015,False
layer2.conv2,3,4,23,3,1.0,True,0.01,False
layer3.shortcut.0,34,0,22,4,1.0,True,0.0,False
layer2.conv2,17,8,22,4,1.0,True,0.015,False
layer2.conv2,7,7,13,5,1.0,True,0.0,False
layer3.conv2,59,4,24,2,1.0,True,0.0,False
layer2.conv2,30,8,18,4,1.0,True,0.0,False
layer3.conv1,55,2,9,4,1.0,True,0.0,False
layer3.conv2,55,10,13,1,1.0,True,0.0,False
layer3.conv2,30,5,4,3,1.0,True,0.0,False
layer3.conv2,15,10,20,5,1.0,True,0.0,False
layer3.conv2,7,14,12,3,1.0,True,0.0,False
layer3.conv2,61,17,28,3,1.0,True,0.015,False
layer2.conv2,18,6,18,3,1.0,True,0.005,False
layer3.conv2,43,4,31,2,1.0,True,0.005,False
layer3.conv2,16,9,18,5,1.0,True,0.0,False
layer3.conv2,38,14,8,3,1.0,True,0.0,False
layer3.conv2,22,16,9,2,1.0,True,0.005,False
layer1.conv2,12,0,26,2,1.0,True,0.03,False
layer3.conv2,10,7,23,1,1.0,True,0.0,False
layer3.shortcut.0,32,0,2,0,1.0,True,0.0,False
layer3.conv1,30,2,27,0,1.0,True,0.01,False
layer3.conv2,6,7,30,1,1.0,True,0.005,False
layer2.conv1,20,2,4,3,1.0,True,0.01,False
layer3.conv2,44,12,18,5,1.0,True,0.0,False
layer3.conv2,42,17,17,2,1.0,True,0.0,False
layer3.conv1,14,3,28,2,1.0,True,0.005,False
layer3.conv2,61,9,8,4,1.0,True,0.0,False
layer2.conv2,26,8,2,4,1.0,True,0.0,False
layer2.conv2,29,3,22,3,1.0,True,0.01,False
layer3.conv2,60,7,18,1,1.0,True,0.005,False
layer3.conv2,41,9,21,3,1.0,True,0.005,False
layer2.conv2,4,2,1,4,1.0,True,0.01,False
layer2.conv2,29,3,31,0,1.0,True,0.01,False
layer3.conv2,54,14,23,3,1.0,True,0.0,False
layer3.conv2,16,0,0,4,1.0,True,0.0,False
layer3.conv1,36,7,31,4,1.0,True,0.0,False
layer3.conv2,34,7,22,5,1.0,True,0.0,False
layer3.conv2,6,8,21,3,1.0,True,0.0,False
layer3.conv2,47,12,6,1,1.0,True,0.005,False
layer3.conv1,22,7,16,2,1.0,True,0.015,False
layer3.conv1,61,2,17,1,1.0,True,0.0,False
layer3.conv1,13,6,25,3,1.0,True,0.005,False
layer2.conv2,20,1,27,1,1.0,True,0.025,False
layer3.conv2,52,17,8,2,1.0,True,0.005,False
layer3.conv2,23,12,19,5,1.0,True,0.0,False
layer3.conv1,21,0,31,3,1.0,True,0.015,False
layer3.conv2,37,0,0,2,1.0,True,0.005,False
layer3.conv2,16,10,26,1,1.0,True,0.0,False
layer3.conv2,60,0,8,3,1.0,True,0.0,False
layer3.conv2,12,8,3,4,1.0,True,0.005,False
layer3.conv2,17,3,3,2,1.0,True,0.0,False
layer3.conv2,52,6,1,5,1.0,True,0.005,False
layer3.conv2,16,10,17,0,1.0,True,0.0,False
layer3.conv1,53,6,18,5,1.0,True,0.0,False
layer3.conv2,4,4,15,1,1.0,True,0.0,False
layer3.conv1,46,2,22,3,1.0,True,0.02,False
layer2.conv1,11,0,10,4,1.0,True,0.01,False
layer3.conv2,44,2,5,3,1.0,True,0.02,False
layer3.conv2,25,10,3,2,1.0,True,0.0,False
layer1.conv1,5,0,11,4,1.0,True,0.0,False
layer3.conv1,57,1,14,2,1.0,True,0.0,False
layer2.conv1,11,4,5,1,1.0,True,0.015,False
layer3.conv2,62,17,29,4,1.0,True,0.0,False
layer3.conv1,61,2,19,3,1.0,True,0.005,False
layer2.conv1,20,0,1,3,1.0,True,0.005,False
layer3.conv2,22,13,28,2,1.0,True,0.005,False
layer3.conv1,18,5,15,3,1.0,True,0.02,False
layer1.conv1,5,2,20,4,1.0,True,0.005,False
layer3.conv1,30,2,30,2,1.0,True,0.015,False
layer3.conv2,35,7,4,3,1.0,True,0.01,False
layer3.conv2,31,13,9,4,1.0,True,0.0,False
layer3.shortcut.0,29,0,7,0,1.0,True,0.005,False
layer3.conv2,12,1,4,0,1.0,True,0.0,False
layer3.conv2,51,10,23,0,1.0,True,0.0,False
layer2.conv1,30,1,9,5,1.0,True,0.0,False
layer2.conv2,10,5,17,2,1.0,True,0.025,False
layer3.conv1,22,7,9,1,1.0,True,0.015,False
layer3.conv2,31,2,27,0,1.0,True,0.01,False
layer3.conv2,56,11,31,3,1.0,True,0.0,False
layer3.conv1,19,1,25,3,1.0,True,0.0,False
layer3.conv1,28,3,20,2,1.0,True,0.005,False
layer3.conv1,19,6,7,3,1.0,True,0.0,False
layer3.conv2,26,2,0,4,1.0,True,0.0,False
layer3.conv2,40,1,12,5,1.0,True,0.0,False
layer1.conv1,10,3,12,4,1.0,True,0.005,False
layer3.conv2,49,16,30,4,1.0,True,0.0,False
layer1.conv2,4,1,21,3,1.0,True,0.01,False
layer3.conv2,58,11,30,2,1.0,True,0.0,False
layer2.conv1,19,3,6,0,1.0,True,0.015,False
layer3.conv2,2,8,2,2,1.0,True,0.0,False
layer3.conv2,15,5,29,3,1.0,True,0.0,False
layer3.conv2,43,11,9,3,1.0,True,0.005,False
layer3.conv2,55,5,17,3,1.0,True,0.0,False
layer3.conv2,15,16,26,2,1.0,True,0.015,False
layer3.conv2,23,4,31,5,1.0,True,0.0,False
layer2.conv2,21,1,0,4,1.0,True,0.01,False
layer3.conv2,18,8,22,0,1.0,True,0.0,False
layer3.conv1,13,4,23,5,1.0,True,0.0,False
layer3.conv2,55,4,11,1,1.0,True,0.005,False
layer3.conv1,57,7,1,3,1.0,True,0.015,False
layer3.conv2,40,17,29,3,1.0,True,0.0,False
layer3.conv2,0,7,28,5,1.0,True,0.005,False
layer3.shortcut.0,15,0,17,4,1.0,True,0.005,False
layer2.conv1,31,2,23,3,1.0,True,0.01,False
layer3.conv2,59,14,12,4,1.0,True,0.0,False
layer3.conv2,35,8,21,0,1.0,True,0.005,False
layer3.conv2,19,1,17,5,1.0,True,0.0,False
layer3.shortcut.0,35,0,31,2,1.0,True,0.01,False
layer3.conv2,47,1,22,4,1.0,True,0.0,False
layer3.conv2,44,13,16,0,1.0,True,0.005,False
layer3.conv2,22,17,25,4,1.0,True,0.0,False
layer3.conv2,62,0,8,4,1.0,True,0.0,False
layer3.conv1,13,1,31,3,1.0,True,0.01,False
layer1.conv2,3,3,13,4,1.0,True,0.0,False
layer3.conv2,59,4,21,2,1.0,True,0.0,False
layer3.conv1,39,0,17,3,1.0,True,0.005,False
layer3.conv2,6,17,29,3,1.0,True,0.0,False
layer1.conv1,5,1,24,5,1.0,True,0.0,False
layer3.conv2,9,7,6,5,1.0,True,0.0,False
layer2.conv1,28,4,12,1,1.0,True,0.03,False
layer3.conv1,60,5,11,4,1.0,True,0.005,False
layer2.conv2,5,2,13,3,1.0,True,0.02,False
layer3.conv1,60,5,17,5,1.0,True,0.0,False
layer2.conv1,3,1,6,2,1.0,True,0.015,False
layer3.conv1,10,2,13,2,1.0,True,0.015,False
layer3.conv1,27,5,20,2,1.0,True,0.02,False
layer3.conv2,41,5,27,0,1.0,True,0.0,False
layer1.conv2,8,3,15,2,1.0,True,0.01,False
layer3.conv2,21,11,8,2,1.0,True,0.01,False
layer3.conv2,27,5,7,4,1.0,True,0.01,False
layer2.conv1,17,1,23,4,1.0,True,0.01,False
layer3.conv2,10,16,28,2,1.0,True,0.0,False
layer3.conv1,31,4,26,4,1.0,True,0.005,False
layer3.conv2,55,17,21,4,1.0,True,0.005,False
layer3.conv2,27,0,24,2,1.0,True,0.0,False
layer2.conv2,7,0,31,3,1.0,True,0.015,False
layer2.conv2,12,6,4,0,1.0,True,0.02,False
layer3.conv2,15,16,24,1,1.0,True,0.015,False
layer1.conv1,6,2,16,3,1.0,True,0.005,False
layer2.conv2,0,5,19,5,1.0,True,0.0,False
layer3.conv1,19,3,8,5,1.0,True,0.0,False
layer3.conv2,52,10,22,2,1.0,True,0.0,False
layer2.conv1,31,3,1,4,1.0,True,0.01,False
layer3.conv1,41,8,20,2,1.0,True,0.01,False
layer3.shortcut.0,1,0,2,4,1.0,True,0.01,False
layer3.conv2,40,4,26,2,1.0,True,0.005,False
layer3.conv2,10,11,12,1,1.0,True,0.0,False
layer3.conv1,50,2,6,4,1.0,True,0.0,False
layer2.conv1,16,4,6,2,1.0,True,0.01,False
layer3.conv2,37,0,26,1,1.0,True,0.0,False
layer2.conv1,18,3,10,3,1.0,True,0.005,False
layer3.conv2,5,16,25,3,1.0,True,0.01,False
layer3.conv1,49,8,8,2,1.0,True,0.0,False
layer3.conv2,12,14,15,2,1.0,True,0.01,False
layer2.conv2,14,5,21,4,1.0,True,0.01,False
layer1.conv2,12,0,15,0,1.0,True,0.03,False
fc,9,1,30,3,1.0,True,0.005,False
layer3.conv1,58,4,16,4,1.0,True,0.0,False
layer3.conv2,40,2,21,4,1.0,True,0.0,False
layer3.conv2,23,5,27,3,1.0,True,0.0,False
layer3.conv2,9,11,23,1,1.0,True,0.005,False
layer3.conv2,29,15,22,4,1.0,True,0.0,False
layer2.conv2,7,5,31,3,1.0,True,0.0,False
layer3.conv1,55,0,5,3,1.0,True,0.015,False
layer3.conv2,27,10,13,0,1.0,True,0.015,False
layer3.conv2,11,17,18,0,1.0,True,0.015,False
layer2.conv2,9,3,11,4,1.0,True,0.005,False
layer2.conv1,3,3,7,2,1.0,True,0.03,False
layer3.conv2,19,16,2,4,1.0,True,0.0,False
layer2.conv2,16,6,24,4,1.0,True,0.005,False
layer3.conv2,40,1,5,3,1.0,True,0.005,False
layer3.conv2,24,14,25,0,1.0,True,0.015,False
layer3.conv2,23,6,19,1,1.0,True,0.0,False
layer3.conv2,14,4,27,2,1.0,True,0.0,False
layer3.conv2,57,10,6,2,1.0,True,0.005,False
layer3.conv2,63,11,19,2,1.0,True,0.005,False
layer3.conv2,16,2,22,3,1.0,True,0.0,False
conv1,14,0,25,4,1.0,True,0.04,False
layer2.conv2,20,6,14,4,1.0,True,0.0,False
layer3.conv2,13,17,1,0,1.0,True,0.0,False
layer1.conv2,6,0,2,0,1.0,True,0.015,False
layer3.conv1,34,6,4,4,1.0,True,0.0,False
layer3.conv2,12,9,9,5,1.0,True,0.005,False
layer3.conv2,26,7,22,4,1.0,True,0.005,False
conv1,4,0,15,2,1.0,True,0.045,False
layer3.conv1,32,6,30,0,1.0,True,0.005,False
layer3.conv1,59,3,2,3,1.0,True,0.01,False
layer2.conv1,20,3,6,2,1.0,True,0.02,False
layer3.conv2,21,1,22,0,1.0,True,0.0,False
layer3.conv2,35,9,6,5,1.0,True,0.0,False
layer3.conv2,13,12,4,4,1.0,True,0.0,False
layer1.conv1,10,2,23,4,1.0,True,0.005,False
layer3.conv2,27,1,10,2,1.0,True,0.01,False
layer2.shortcut.0,19,0,13,5,1.0,True,0.015,False
layer3.conv2,63,16,13,0,1.0,True,0.0,False
layer3.conv1,9,6,18,2,1.0,True,0.015,False
layer3.conv1,15,8,3,1,1.0,True,0.015,False
layer3.conv1,31,2,19,3,1.0,True,0.0,False
layer2.conv2,19,1,5,6,1.0,True,0.0,False
layer2.conv2,29,6,21,3,1.0,True,0.01,False
layer3.conv2,20,0,29,4,1.0,True,0.0,False
layer1.conv2,0,2,11,2,1.0,True,0.015,False
layer3.conv2,31,1,24,4,1.0,True,0.0,False
layer3.conv2,24,17,18,6,1.0,True,0.0,False
layer2.conv2,26,8,10,3,1.0,True,0.005,False
layer3.conv2,43,3,27,0,1.0,True,0.0,False
layer3.conv1,1,2,6,4,1.0,True,0.0,False
layer3.conv2,12,15,25,2,1.0,True,0.01,False
layer3.conv2,23,3,27,4,1.0,True,0.0,False
layer3.conv2,7,15,5,1,1.0,True,0.005,False
layer1.conv1,4,1,13,2,1.0,True,0.005,False
layer3.conv2,31,1,0,5,1.0,True,0.0,False
layer2.conv1,7,0,0,4,1.0,True,0.0,False
layer3.conv2,14,14,12,0,1.0,True,0.0,False
layer3.conv2,50,8,20,3,1.0,True,0.0,False
layer3.shortcut.0,3,0,9,0,1.0,True,0.005,False
layer3.conv2,26,11,2,4,1.0,True,0.005,False
layer3.conv2,2,11,13,1,1.0,True,0.005,False
layer3.conv1,0,6,28,2,1.0,True,0.0,False
layer3.conv1,56,4,24,2,1.0,True,0.01,False
layer3.conv1,1,8,28,4,1.0,True,0.0,False
layer3.conv2,19,7,11,4,1.0,True,0.0,False
layer3.conv2,63,16,6,0,1.0,True,0.0,False
layer3.conv2,15,6,12,3,1.0,True,0.015,False
layer3.conv2,11,15,15,4,1.0,True,0.005,False
layer2.conv2,10,5,25,3,1.0,True,0.01,False
layer3.conv2,22,4,20,4,1.0,True,0.0,False
layer3.conv1,39,1,4,3,1.0,True,0.0,False
layer3.conv2,34,1,17,4,1.0,True,0.005,False
layer3.conv2,47,16,12,3,1.0,True,0.0,False
layer3.conv2,18,10,23,4,1.0,True,0.0,False
layer3.conv1,61,5,10,5,1.0,True,0.0,False
layer3.conv1,3,6,2,4,1.0,True,0.0,False
layer3.conv2,59,6,23,0,1.0,True,0.005,False
layer1.conv1,11,2,26,3,1.0,True,0.005,False
layer3.conv2,57,17,27,1,1.0,True,0.01,False
layer3.conv2,18,0,0,2,1.0,True,0.01,False
layer3.conv1,52,5,21,3,1.0,True,0.0,False
layer3.conv2,34,11,17,4,1.0,True,0.0,False
conv1,13,0,22,2,1.0,True,0.025,False
layer2.shortcut.0,6,0,9,0,1.0,True,0.005,False
conv1,4,0,4,4,1.0,True,0.02,False
layer3.conv1,47,4,1,1,1.0,True,0.005,False
layer3.conv2,8,14,29,2,1.0,True,0.0,False
layer3.conv2,30,9,10,3,1.0,True,0.0,False
layer3.conv1,5,1,26,3,1.0,True,0.015,False
layer3.conv1,26,6,17,0,1.0,True,0.005,False
layer3.conv2,4,5,26,3,1.0,True,0.0,False
layer3.conv2,51,8,8,4,1.0,True,0.0,False
layer3.conv2,19,6,30,4,1.0,True,0.0,False
layer3.conv2,36,17,28,1,1.0,True,0.0,False
layer3.conv2,48,1,15,2,1.0,True,0.0,False
layer3.conv2,1,15,22,3,1.0,True,0.0,False
layer3.conv1,6,4,5,4,1.0,True,0.0,False
layer2.conv1,25,3,29,3,1.0,True,0.005,False
layer3.conv2,24,0,16,4,1.0,True,0.005,False
layer3.conv2,23,13,12,3,1.0,True,0.0,False
layer2.conv1,26,4,8,4,1.0,True,0.005,False
layer3.conv2,61,14,6,0,1.0,True,0.015,False
layer3.conv2,29,14,4,5,1.0,True,0.0,False
layer1.conv1,0,3,31,0,1.0,True,0.055,False
layer3.conv2,45,5,26,2,1.0,True,0.005,False
layer2.conv2,31,0,8,2,1.0,True,0.015,False
layer3.conv2,58,10,27,2,1.0,True,0.0,False
layer2.conv2,8,5,20,2,1.0,True,0.01,False
layer3.conv2,11,12,29,3,1.0,True,0.005,False
layer3.conv2,32,13,16,5,1.0,True,0.0,False
layer3.conv2,22,0,27,3,1.0,True,0.0,False
layer3.conv1,36,2,24,1,1.0,True,0.005,False
layer3.conv2,8,0,11,3,1.0,True,0.005,False
layer2.conv2,7,3,2,4,1.0,True,0.0,False
layer3.conv1,59,2,25,3,1.0,True,0.005,False
layer3.conv2,1,17,8,2,1.0,True,0.0,False
layer2.conv1,18,4,3,1,1.0,True,0.015,False
layer3.conv2,22,11,29,4,1.0,True,0.0,False
layer3.conv1,5,5,19,2,1.0,True,0.025,False
layer3.conv1,5,6,13,3,1.0,True,0.0,False
layer2.conv2,23,5,27,3,1.0,True,0.005,False
layer3.conv1,8,1,13,4,1.0,True,0.005,False
layer2.conv1,5,2,4,3,1.0,True,0.025,False
layer2.conv1,16,1,1,3,1.0,True,0.02,False
layer2.conv1,17,1,10,3,1.0,True,0.02,False
layer3.conv1,35,1,7,2,1.0,True,0.0,False
layer3.conv2,31,5,11,4,1.0,True,0.0,False
layer3.conv2,37,4,6,1,1.0,True,0.005,False
layer2.conv1,9,2,30,2,1.0,True,0.025,False
layer3.conv1,6,0,19,3,1.0,True,0.0,False
layer3.conv2,50,12,5,3,1.0,True,0.005,False
layer3.conv1,53,3,14,0,1.0,True,0.005,False
layer3.conv2,49,1,6,1,1.0,True,0.0,False
layer3.conv2,14,0,6,4,1.0,True,0.0,False
layer3.conv2,30,14,27,2,1.0,True,0.005,False
layer3.conv2,54,6,5,4,1.0,True,0.0,False
layer3.conv2,58,1,4,3,1.0,True,0.0,False
layer3.conv2,43,15,15,2,1.0,True,0.01,False
layer3.conv1,61,3,28,3,1.0,True,0.0,False
layer3.conv2,41,6,7,3,1.0,True,0.005,False
layer2.conv1,29,1,21,0,1.0,True,0.02,False
layer1.conv1,13,2,30,4,1.0,True,0.005,False
layer3.conv2,49,15,14,0,1.0,True,0.0,False
layer2.conv1,16,2,3,1,1.0,True,0.01,False
layer2.conv2,5,1,21,0,1.0,True,0.025,False
layer2.conv2,16,6,21,4,1.0,True,0.005,False
layer3.conv2,44,16,28,4,1.0,True,0.0,False
layer3.conv2,10,11,22,2,1.0,True,0.0,False
layer3.conv1,22,0,25,1,1.0,True,0.0,False
layer2.conv2,11,1,24,4,1.0,True,0.005,False
layer3.conv2,9,10,6,3,1.0,True,0.01,False
layer3.conv2,48,13,14,3,1.0,True,0.0,False
layer3.conv1,61,2,5,2,1.0,True,0.005,False
layer3.conv2,29,2,17,3,1.0,True,0.005,False
layer3.conv2,49,16,9,5,1.0,True,0.0,False
layer3.conv2,24,0,2,1,1.0,True,0.015,False
conv1,11,0,21,5,1.0,True,0.01,False
layer3.conv2,28,15,14,1,1.0,True,0.0,False
layer3.conv2,6,4,8,2,1.0,True,0.01,False
layer3.conv2,51,13,30,4,1.0,True,0.005,False
layer3.conv2,21,4,14,5,1.0,True,0.0,False
layer2.conv1,14,3,18,4,1.0,True,0.005,False
layer3.conv1,28,8,3,1,1.0,True,0.005,False
layer2.conv2,31,5,5,3,1.0,True,0.005,False
layer3.conv2,49,7,4,4,1.0,True,0.0,False
layer2.conv1,26,4,4,5,1.0,True,0.0,False
layer3.conv2,4,12,4,3,1.0,True,0.0,False
layer3.conv2,9,1,23,4,1.0,True,0.01,False
layer3.conv1,5,0,5,3,1.0,True,0.0,False
layer3.conv2,54,14,0,4,1.0,True,0.0,False
layer3.conv2,58,5,26,4,1.0,True,0.0,False
layer3.conv2,13,0,12,5,1.0,True,0.0,False
layer3.conv2,22,2,27,5,1.0,True,0.0,False
layer2.conv2,31,3,12,4,1.0,True,0.0,False
layer3.shortcut.0,22,0,27,2,1.0,True,0.01,False
layer3.conv1,24,1,24,5,1.0,True,0.0,False
layer3.conv2,1,5,16,3,1.0,True,0.005,False
layer3.conv1,11,5,25,0,1.0,True,0.005,False
layer3.conv2,3,15,2,4,1.0,True,0.0,False
layer3.conv1,43,7,8,4,1.0,True,0.0,False
layer3.conv1,4,8,19,0,1.0,True,0.015,False
layer3.conv2,46,6,0,3,1.0,True,0.0,False
layer3.conv2,15,17,23,1,1.0,True,0.015,False
layer3.conv1,22,0,31,3,1.0,True,0.0,False
layer3.conv2,45,9,3,3,1.0,True,0.0,False
layer3.conv2,62,9,5,3,1.0,True,0.0,False
layer3.conv2,13,1,28,1,1.0,True,0.01,False
layer2.conv1,16,4,10,0,1.0,True,0.015,False
layer2.conv2,5,2,3,1,1.0,True,0.025,False
layer3.conv1,21,7,27,4,1.0,True,0.0,False
layer3.conv1,11,5,27,2,1.0,True,0.0,False
layer2.conv2,9,1,14,2,1.0,True,0.015,False
layer3.conv2,50,10,7,4,1.0,True,0.005,False
layer2.conv2,5,7,10,5,1.0,True,0.0,False
layer3.conv1,2,2,30,3,1.0,True,0.005,False
layer3.conv1,25,4,1,3,1.0,True,0.005,False
layer3.conv2,6,3,14,2,1.0,True,0.0,False
layer3.conv2,31,8,17,2,1.0,True,0.015,False
layer3.conv1,5,1,5,1,1.0,True,0.0,False
layer1.conv1,2,3,27,1,1.0,True,0.01,False
layer3.conv2,0,12,30,2,1.0,True,0.005,False
layer3.conv1,9,1,30,0,1.0,True,0.0,False
layer3.conv2,42,0,28,2,1.0,True,0.0,False
layer2.conv2,11,3,23,3,1.0,True,0.005,False
layer3.conv2,49,1,18,4,1.0,True,0.0,False
layer3.conv2,21,16,25,5,1.0,True,0.0,False
layer3.conv1,54,0,24,4,1.0,True,0.0,False
layer3.conv2,46,11,7,3,1.0,True,0.0,False
layer3.conv2,55,10,12,3,1.0,True,0.005,False
layer3.conv2,20,6,0,4,1.0,True,0.0,False
layer3.conv2,14,1,23,2,1.0,True,0.0,False
layer2.conv2,16,3,20,3,1.0,True,0.0,False
layer3.conv2,0,15,1,2,1.0,True,0.0,False
layer3.conv1,59,6,8,0,1.0,True,0.025,False
layer3.conv1,43,8,25,4,1.0,True,0.005,False
layer3.conv1,29,0,26,3,1.0,True,0.005,False
layer3.conv2,60,17,23,0,1.0,True,0.005,False
layer2.conv1,16,4,14,4,1.0,True,0.01,False
layer3.conv2,40,8,15,1,1.0,True,0.0,False
layer3.conv1,0,2,5,2,1.0,True,0.01,False
layer3.conv1,45,1,1,4,1.0,True,0.0,False
layer3.conv1,39,6,13,2,1.0,True,0.005,False
layer3.conv2,54,4,24,4,1.0,True,0.0,False
layer3.conv1,16,6,14,2,1.0,True,0.005,False
layer3.conv1,27,7,9,1,1.0,True,0.015,False
layer3.conv1,8,4,18,5,1.0,True,0.0,False
layer3.conv2,44,10,19,4,1.0,True,0.0,False
layer2.conv1,25,1,13,4,1.0,True,0.0,False
layer2.conv2,2,0,1,5,1.0,True,0.0,False
layer3.conv1,11,6,28,3,1.0,True,0.01,False
layer3.conv1,59,0,23,3,1.0,True,0.0,False
layer3.conv2,50,17,22,1,1.0,True,0.0,False
layer3.conv1,32,4,24,4,1.0,True,0.01,False
layer3.conv1,2,4,30,0,1.0,True,0.0,False
layer3.conv1,25,8,6,1,1.0,True,0.005,False
layer3.conv1,61,3,12,5,1.0,True,0.0,False
layer1.conv1,2,2,14,4,1.0,True,0.005,False
layer2.conv1,8,2,16,2,1.0,True,0.03,False
layer3.conv2,24,6,30,2,1.0,True,0.005,False
layer3.conv1,7,5,19,3,1.0,True,0.015,False
layer2.conv2,25,8,4,5,1.0,True,0.0,False
layer1.conv2,11,2,11,0,1.0,True,0.03,False
layer2.conv2,13,7,8,2,1.0,True,0.02,False
layer3.conv2,45,1,1,3,1.0,True,0.0,False
layer3.conv2,7,6,28,5,1.0,True,0.0,False
layer3.conv2,11,1,2,0,1.0,True,0.0,False
layer2.conv1,27,4,5,4,1.0,True,0.01,False
layer2.conv2,3,7,15,0,1.0,True,0.005,False
layer3.conv1,57,5,14,1,1.0,True,0.03,False
layer2.conv1,2,3,0,4,1.0,True,0.015,False
layer3.conv2,8,13,22,3,1.0,True,0.005,False
layer3.conv2,26,16,10,5,1.0,True,0.0,False
layer3.conv1,26,8,4,2,1.0,True,0.005,False
layer3.conv1,24,2,10,2,1.0,True,0.005,False
layer2.conv1,5,0,30,3,1.0,True,0.015,False
layer2.conv2,29,6,2,3,1.0,True,0.01,False
layer3.conv2,62,6,14,3,1.0,True,0.0,False
layer3.conv1,8,3,28,3,1.0,True,0.01,False
layer3.conv2,41,2,17,5,1.0,True,0.0,False
layer3.conv2,9,17,26,5,1.0,True,0.0,False
layer3.conv2,24,1,5,4,1.0,True,0.01,False
layer3.conv2,5,16,6,3,1.0,True,0.0,False
layer3.conv2,58,1,23,2,1.0,True,0.0,False
conv1,2,0,5,3,1.0,True,0.055,False
layer3.conv1,57,8,16,4,1.0,True,0.01,False
layer3.conv2,29,17,28,4,1.0,True,0.0,False
layer2.conv1,3,1,3,2,1.0,True,0.015,False
layer3.conv2,59,10,20,4,1.0,True,0.0,False
fc,8,1,19,1,1.0,True,0.01,False
layer2.conv2,5,5,30,3,1.0,True,0.015,False
layer3.conv2,26,17,6,4,1.0,True,0.0,False
layer3.conv1,62,0,25,3,1.0,True,0.0,False
layer3.conv2,48,10,1,3,1.0,True,0.0,False
layer2.conv2,14,8,10,4,1.0,True,0.0,False
layer3.conv2,2,1,7,5,1.0,True,0.0,False
layer3.conv2,29,9,3,3,1.0,True,0.005,False
layer3.shortcut.0,37,0,30,1,1.0,True,0.01,False
layer3.conv1,6,6,27,3,1.0,True,0.0,False
layer3.conv1,58,7,12,2,1.0,True,0.005,False
layer3.conv1,55,4,1,4,1.0,True,0.0,False
layer3.conv2,25,4,15,3,1.0,True,0.005,False
layer3.conv2,7,17,9,5,1.0,True,0.0,False
layer3.conv2,0,0,0,4,1.0,True,0.0,False
layer3.conv1,25,1,14,3,1.0,True,0.015,False
layer3.conv1,26,6,10,1,1.0,True,0.005,False
layer3.conv2,59,7,28,4,1.0,True,0.0,False
layer3.conv1,6,2,10,2,1.0,True,0.005,False
layer3.conv1,36,0,25,2,1.0,True,0.0,False
layer3.conv2,18,5,9,5,1.0,True,0.0,False
layer3.conv1,33,4,21,0,1.0,True,0.01,False
layer3.conv1,47,7,4,3,1.0,True,0.005,False
layer3.conv2,35,12,2,4,1.0,True,0.0,False
layer3.conv2,40,10,0,4,1.0,True,0.0,False
layer3.shortcut.0,36,0,15,5,1.0,True,0.0,False
layer3.conv2,47,15,2,4,1.0,True,0.0,False
layer2.conv2,13,0,19,3,1.0,True,0.015,False
layer3.conv2,25,12,28,4,1.0,True,0.0,False
layer3.shortcut.0,29,0,2,4,1.0,True,0.005,False
layer3.conv2,31,10,14,0,1.0,True,0.01,False
layer3.conv1,10,7,12,5,1.0,True,0.0,False
layer3.conv2,40,11,1,2,1.0,True,0.01,False
layer3.conv2,6,3,12,4,1.0,True,0.0,False
layer3.conv2,40,4,31,0,1.0,True,0.005,False
layer3.conv2,50,17,16,4,1.0,True,0.0,False
layer3.conv2,25,6,26,4,1.0,True,0.0,False
fc,6,1,16,3,1.0,True,0.01,False
layer3.conv1,24,5,7,3,1.0,True,0.005,False
layer2.conv1,24,3,2,3,1.0,True,0.01,False
layer3.conv1,58,3,30,2,1.0,True,0.015,False
layer2.shortcut.0,11,0,13,2,1.0,True,0.02,False
layer3.conv2,16,0,25,3,1.0,True,0.0,False
layer3.conv2,24,3,0,2,1.0,True,0.01,False
layer3.conv2,30,14,11,0,1.0,True,0.0,False
layer3.conv1,37,4,26,4,1.0,True,0.0,False
layer3.conv1,10,1,13,3,1.0,True,0.005,False
layer3.conv2,41,5,10,3,1.0,True,0.005,False
layer3.conv1,32,4,2,4,1.0,True,0.0,False
layer3.conv2,49,3,18,4,1.0,True,0.0,False
layer3.shortcut.0,62,0,3,2,1.0,True,0.01,False
layer3.conv2,31,9,1,4,1.0,True,0.005,False
layer3.conv2,6,13,25,0,1.0,True,0.0,False
layer3.conv2,30,2,22,4,1.0,True,0.0,False
layer3.conv1,22,4,12,3,1.0,True,0.0,False
layer3.conv1,17,7,30,2,1.0,True,0.01,False
layer3.conv2,13,11,7,1,1.0,True,0.0,False
layer3.conv2,43,10,7,2,1.0,True,0.01,False
layer1.conv1,1,4,1,2,1.0,True,0.03,False
layer3.conv2,17,8,24,0,1.0,True,0.005,False
layer3.conv2,9,0,13,4,1.0,True,0.0,False
layer3.conv2,33,6,25,1,1.0,True,0.0,False
layer3.conv1,24,5,10,1,1.0,True,0.015,False
layer3.conv2,44,5,29,3,1.0,True,0.005,False
layer3.conv1,25,4,13,4,1.0,True,0.005,False
layer3.conv1,57,6,20,4,1.0,True,0.01,False
layer3.conv2,8,7,29,1,1.0,True,0.005,False
layer3.conv2,23,11,15,1,1.0,True,0.005,False
layer3.conv1,13,1,28,2,1.0,True,0.01,False
layer3.conv2,18,7,7,4,1.0,True,0.005,False
layer1.conv2,8,1,1,3,1.0,True,0.01,False
layer3.conv2,5,5,12,0,1.0,True,0.0,False
layer3.conv2,34,15,4,2,1.0,True,0.0,False
layer3.conv2,49,7,1,2,1.0,True,0.005,False
layer3.conv2,42,15,11,3,1.0,True,0.0,False
layer3.conv2,22,9,18,4,1.0,True,0.0,False
layer3.conv2,48,9,24,2,1.0,True,0.0,False
layer3.conv2,7,13,22,0,1.0,True,0.005,False
layer3.conv2,25,15,25,5,1.0,True,0.0,False
layer3.conv1,14,7,29,3,1.0,True,0.02,False
layer3.conv1,15,4,16,2,1.0,True,0.03,False
layer1.conv2,7,3,15,4,1.0,True,0.015,False
layer2.conv2,15,0,15,2,1.0,True,0.01,False
layer3.conv2,13,14,7,3,1.0,True,0.0,False
layer3.conv2,55,4,2,3,1.0,True,0.0,False
layer3.conv2,45,6,5,4,1.0,True,0.005,False
layer1.conv1,4,4,8,4,1.0,True,0.02,False
layer2.conv2,8,5,8,3,1.0,True,0.02,False
layer3.conv2,58,3,24,3,1.0,True,0.0,False
layer2.conv2,5,7,25,2,1.0,True,0.02,False
layer3.conv2,23,7,29,5,1.0,True,0.0,False
layer1.conv2,12,2,6,5,1.0,True,0.005,False
layer2.conv1,11,2,2,2,1.0,True,0.03,False
layer1.conv2,9,0,24,3,1.0,True,0.025,False
layer3.conv1,51,6,26,3,1.0,True,0.02,False
layer3.conv2,49,10,10,1,1.0,True,0.0,False
layer3.conv2,23,16,3,3,1.0,True,0.005,False
layer3.conv2,37,0,6,3,1.0,True,0.0,False
layer1.conv1,13,2,29,4,1.0,True,0.005,False
layer3.conv2,15,9,27,0,1.0,True,0.01,False
layer2.conv2,9,0,12,2,1.0,True,0.025,False
layer3.conv1,10,6,18,0,1.0,True,0.015,False
layer3.conv2,42,4,19,4,1.0,True,0.005,False
layer3.conv2,4,6,7,5,1.0,True,0.0,False
layer2.conv2,30,7,24,5,1.0,True,0.0,False
layer3.shortcut.0,3,0,26,3,1.0,True,0.01,False
layer3.conv2,32,14,21,3,1.0,True,0.0,False
layer2.conv2,13,4,11,5,1.0,True,0.005,False
layer3.conv1,49,3,6,3,1.0,True,0.015,False
layer3.conv2,40,9,19,4,1.0,True,0.005,False
layer3.conv1,10,0,3,4,1.0,True,0.005,False
layer2.conv2,9,5,24,3,1.0,True,0.005,False
layer3.conv1,58,5,14,3,1.0,True,0.015,False
layer3.conv1,9,6,11,5,1.0,True,0.0,False
layer3.conv1,11,0,11,3,1.0,True,0.005,False
layer3.conv2,38,12,4,2,1.0,True,0.005,False
layer3.conv2,8,10,15,3,1.0,True,0.005,False
layer3.conv2,53,10,19,5,1.0,True,0.0,False
layer3.conv2,48,17,26,5,1.0,True,0.005,False
layer2.conv2,7,0,15,2,1.0,True,0.005,False
layer2.conv2,29,2,11,4,1.0,True,0.01,False
layer3.conv2,1,3,22,1,1.0,True,0.005,False
layer3.conv1,51,6,4,2,1.0,True,0.005,False
layer3.conv2,56,5,7,4,1.0,True,0.0,False
layer3.shortcut.0,41,0,14,3,1.0,True,0.005,False
layer3.conv1,48,2,13,4,1.0,True,0.0,False
layer3.conv2,13,15,6,4,1.0,True,0.01,False
layer3.conv2,23,6,22,0,1.0,True,0.0,False
layer3.conv2,58,2,27,4,1.0,True,0.0,False
layer3.conv2,30,10,21,3,1.0,True,0.0,False
layer3.conv1,12,8,10,3,1.0,True,0.005,False
layer3.conv2,50,15,17,1,1.0,True,0.005,False
layer2.conv2,14,4,22,3,1.0,True,0.01,False
layer3.conv2,8,12,28,3,1.0,True,0.0,False
layer3.conv2,41,5,31,0,1.0,True,0.01,False
layer1.conv1,10,0,27,0,1.0,True,0.055,False
layer3.conv2,14,0,25,4,1.0,True,0.01,False
layer3.conv2,23,2,10,2,1.0,True,0.005,False
layer3.conv1,12,8,13,2,1.0,True,0.005,False
layer3.conv2,27,1,1,4,1.0,True,0.0,False
layer3.conv2,58,13,18,3,1.0,True,0.0,False
layer3.conv1,13,1,3,5,1.0,True,0.0,False
layer1.conv1,12,4,5,0,1.0,True,0.055,False
layer3.conv2,9,9,28,1,1.0,True,0.01,False
layer3.conv2,37,3,26,2,1.0,True,0.0,False
layer3.conv2,34,8,27,2,1.0,True,0.005,False
layer3.conv1,17,6,26,2,1.0,True,0.0,False
layer3.conv2,62,1,24,5,1.0,True,0.0,False
layer3.conv2,42,4,29,1,1.0,True,0.005,False
layer3.conv2,40,17,25,2,1.0,True,0.015,False
layer3.conv2,4,12,5,3,1.0,True,0.0,False
layer2.conv2,8,0,21,4,1.0,True,0.005,False
layer1.conv2,3,3,20,4,1.0,True,0.0,False
layer3.conv2,10,5,27,3,1.0,True,0.0,False
layer3.conv2,1,6,27,4,1.0,True,0.0,False
layer3.shortcut.0,49,0,4,4,1.0,True,0.0,False
layer3.conv2,56,11,15,4,1.0,True,0.005,False
layer3.conv1,49,1,20,2,1.0,True,0.01,False
layer3.conv2,62,4,5,4,1.0,True,0.0,False
layer3.conv2,39,9,23,4,1.0,True,0.01,False
layer2.conv2,27,2,9,2,1.0,True,0.005,False
layer1.conv2,8,2,17,3,1.0,True,0.015,False
layer3.conv1,26,6,7,0,1.0,True,0.01,False
layer3.conv2,22,7,1,4,1.0,True,0.0,False
layer3.conv2,7,2,3,4,1.0,True,0.005,False
layer3.conv1,34,5,31,0,1.0,True,0.0,False
layer1.conv2,4,3,6,0,1.0,True,0.01,False
layer3.conv2,7,5,9,4,1.0,True,0.005,False
layer3.conv2,13,8,20,3,1.0,True,0.015,False
layer2.conv2,8,7,4,3,1.0,True,0.01,False
layer3.conv1,17,5,17,4,1.0,True,0.0,False
layer3.conv2,48,15,18,3,1.0,True,0.01,False
layer3.conv2,43,16,27,4,1.0,True,0.0,False
layer2.conv1,13,4,4,0,1.0,True,0.015,False
layer2.conv2,25,3,12,3,1.0,True,0.0,False
layer2.conv2,15,1,29,3,1.0,True,0.015,False
layer3.conv2,39,17,1,4,1.0,True,0.0,False
layer3.conv1,22,4,7,5,1.0,True,0.005,False
layer2.conv2,6,4,10,4,1.0,True,0.015,False
layer3.conv2,18,13,24,1,1.0,True,0.01,False
layer2.conv1,1,0,26,0,1.0,True,0.025,False
layer3.conv2,43,4,0,3,1.0,True,0.005,False
layer3.conv2,31,16,10,3,1.0,True,0.0,False
layer2.conv1,25,0,9,0,1.0,True,0.03,False
layer3.conv2,45,10,6,4,1.0,True,0.0,False
layer3.conv1,59,3,15,3,1.0,True,0.0,False
layer3.conv2,47,14,0,3,1.0,True,0.0,False
layer3.conv2,34,14,1,2,1.0,True,0.005,False
layer3.conv2,33,0,0,2,1.0,True,0.0,False
layer3.conv1,10,2,7,4,1.0,True,0.005,False
layer3.conv2,29,0,16,3,1.0,True,0.005,False
layer3.conv2,7,0,5,4,1.0,True,0.005,False
layer3.conv2,49,4,7,2,1.0,True,0.0,False
layer3.conv2,2,9,3,5,1.0,True,0.0,False
layer2.conv1,11,0,5,4,1.0,True,0.01,False
layer3.conv2,9,3,10,2,1.0,True,0.01,False
layer3.conv2,41,7,20,0,1.0,True,0.005,False
layer3.conv2,18,15,2,4,1.0,True,0.0,False
layer3.conv2,22,7,3,2,1.0,True,0.01,False
layer3.conv1,0,5,30,3,1.0,True,0.01,False
layer3.conv1,6,1,4,0,1.0,True,0.005,False
layer3.conv1,17,7,0,4,1.0,True,0.005,False
layer3.conv1,52,7,21,5,1.0,True,0.0,False
layer3.conv2,34,5,29,3,1.0,True,0.005,False
layer3.conv2,49,16,5,5,1.0,True,0.0,False
layer2.conv2,16,2,24,3,1.0,True,0.0,False
layer3.conv1,9,5,6,4,1.0,True,0.0,False
layer3.conv1,20,7,6,4,1.0,True,0.0,False
layer3.conv2,11,11,0,4,1.0,True,0.005,False
layer3.conv1,46,6,16,4,1.0,True,0.015,False
layer3.conv2,10,17,6,0,1.0,True,0.0,False
layer3.conv2,43,16,21,5,1.0,True,0.0,False
layer3.conv2,28,15,21,5,1.0,True,0.0,False
layer3.conv2,55,3,17,4,1.0,True,0.0,False
layer3.conv1,29,6,30,3,1.0,True,0.01,False
layer3.conv2,54,6,6,0,1.0,True,0.0,False
layer3.conv1,42,7,18,4,1.0,True,0.0,False
layer3.conv1,4,1,11,4,1.0,True,0.0,False
layer3.conv2,26,16,3,4,1.0,True,0.0,False
layer3.conv1,17,4,23,6,1.0,True,0.0,False
layer3.conv1,46,8,26,4,1.0,True,0.0,False
layer3.conv1,46,4,0,4,1.0,True,0.0,False
layer1.conv2,4,3,25,3,1.0,True,0.0,False
layer3.conv2,12,14,8,3,1.0,True,0.0,False
layer1.conv2,7,0,8,5,1.0,True,0.01,False
layer2.conv1,25,0,27,1,1.0,True,0.03,False
layer3.conv1,15,7,17,0,1.0,True,0.015,False
layer3.shortcut.0,22,0,8,3,1.0,True,0.015,False
layer3.conv2,26,13,4,2,1.0,True,0.0,False
layer3.conv2,33,8,22,3,1.0,True,0.0,False
layer3.conv2,3,15,4,5,1.0,True,0.0,False
layer2.conv1,17,2,15,4,1.0,True,0.01,False
layer3.conv2,9,4,5,5,1.0,True,0.0,False
layer3.conv2,6,13,18,3,1.0,True,0.005,False
layer3.conv2,10,11,21,0,1.0,True,0.0,False
layer3.conv2,35,4,26,3,1.0,True,0.0,False
layer3.conv2,53,7,5,1,1.0,True,0.005,False
layer3.conv1,43,6,28,2,1.0,True,0.01,False
layer2.shortcut.0,10,0,8,0,1.0,True,0.005,False
layer3.conv1,11,5,17,2,1.0,True,0.015,False
layer2.conv2,25,1,31,2,1.0,True,0.01,False
layer3.conv1,47,8,18,0,1.0,True,0.015,False
layer3.shortcut.0,8,0,31,3,1.0,True,0.005,False
layer3.conv2,39,2,2,5,1.0,True,0.0,False
layer3.conv2,56,6,27,1,1.0,True,0.0,False
layer3.conv2,15,7,12,2,1.0,True,0.01,False
layer1.conv2,0,2,10,3,1.0,True,0.015,False
layer2.conv2,8,3,22,4,1.0,True,0.005,False
layer3.conv2,1,3,28,1,1.0,True,0.0,False
layer2.conv2,28,0,13,2,1.0,True,0.03,False
layer3.conv2,60,10,15,3,1.0,True,0.0,False
layer3.conv1,15,6,25,4,1.0,True,0.01,False
layer3.conv1,49,3,29,2,1.0,True,0.015,False
layer2.conv2,19,2,16,3,1.0,True,0.0,False
layer3.conv2,1,9,23,2,1.0,True,0.005,False
layer2.conv2,30,0,8,4,1.0,True,0.0,False
layer3.conv2,38,16,18,1,1.0,True,0.005,False
layer3.conv2,5,8,17,5,1.0,True,0.0,False
layer3.conv1,6,2,11,4,1.0,True,0.005,False
layer3.conv2,41,5,28,0,1.0,True,0.0,False
layer2.conv1,17,0,7,4,1.0,True,0.01,False
layer3.conv2,44,15,4,2,1.0,True,0.0,False
layer3.conv2,19,8,31,5,1.0,True,0.0,False
layer2.conv2,19,1,15,5,1.0,True,0.0,False
layer3.conv2,57,7,26,3,1.0,True,0.01,False
layer3.conv1,23,8,3,3,1.0,True,0.005,False
layer2.conv1,27,0,2,3,1.0,True,0.015,False
layer3.conv2,38,8,14,3,1.0,True,0.005,False
layer3.conv2,36,0,9,4,1.0,True,0.005,False
layer2.conv2,20,1,6,0,1.0,True,0.01,False
layer3.conv1,36,4,20,4,1.0,True,0.0,False
layer3.conv2,59,9,7,3,1.0,True,0.005,False
layer3.conv2,7,8,20,4,1.0,True,0.005,False
layer2.conv2,21,6,6,4,1.0,True,0.01,False
layer3.conv2,57,8,20,0,1.0,True,0.01,False
layer3.conv2,47,13,2,0,1.0,True,0.01,False
layer3.conv1,49,6,18,3,1.0,True,0.01,False
layer3.conv2,59,4,17,4,1.0,True,0.005,False
layer3.shortcut.0,48,0,31,4,1.0,True,0.0,False
layer3.conv2,25,2,11,3,1.0,True,0.005,False
layer2.conv2,8,7,12,4,1.0,True,0.005,False
layer3.conv2,6,1,15,0,1.0,True,0.0,False
layer3.conv1,18,3,7,3,1.0,True,0.02,False
layer3.conv1,11,6,15,4,1.0,True,0.0,False
layer2.conv2,5,5,29,4,1.0,True,0.01,False
layer3.conv2,60,14,23,5,1.0,True,0.0,False
fc,5,0,18,3,1.0,True,0.03,False
layer3.conv2,25,6,23,3,1.0,True,0.0,False
layer3.conv1,49,1,7,1,1.0,True,0.005,False
layer3.conv2,4,7,16,3,1.0,True,0.005,False
layer3.conv1,53,7,17,3,1.0,True,0.005,False
layer3.conv2,4,0,29,2,1.0,True,0.0,False
layer3.conv2,52,9,3,4,1.0,True,0.0,False
layer3.conv1,42,4,8,3,1.0,True,0.0,False
layer3.conv2,0,13,29,4,1.0,True,0.0,False
layer1.conv1,4,0,13,0,1.0,True,0.01,False
layer3.conv2,26,12,5,0,1.0,True,0.005,False
layer2.shortcut.0,11,0,5,0,1.0,True,0.02,False
layer2.conv2,1,5,15,4,1.0,True,0.005,False
layer2.conv1,4,1,25,0,1.0,True,0.03,False
layer3.conv2,63,11,11,2,1.0,True,0.01,False
layer3.conv1,12,3,19,0,1.0,True,0.01,False
layer2.conv2,17,2,11,3,1.0,True,0.015,False
layer3.conv2,28,3,28,3,1.0,True,0.005,False
layer3.conv2,11,3,18,4,1.0,True,0.01,False
layer1.conv2,0,4,12,5,1.0,True,0.0,False
layer2.conv1,25,3,6,1,1.0,True,0.005,False
layer2.conv2,26,2,27,1,1.0,True,0.03,False
layer3.conv2,54,16,25,2,1.0,True,0.0,False
layer3.conv1,26,1,6,0,1.0,True,0.01,False
layer2.conv1,11,3,9,4,1.0,True,0.015,False
layer3.conv2,47,5,13,5,1.0,True,0.005,False
layer3.conv2,29,8,3,4,1.0,True,0.0,False
layer3.conv1,32,3,30,2,1.0,True,0.005,False
layer2.conv2,0,4,10,3,1.0,True,0.025,False
layer3.conv1,9,6,25,5,1.0,True,0.0,False
layer3.conv2,5,16,27,0,1.0,True,0.01,False
layer2.conv2,4,4,13,5,1.0,True,0.005,False
layer3.conv1,36,0,29,4,1.0,True,0.0,False
layer3.conv2,32,4,23,3,1.0,True,0.0,False
layer3.conv2,50,16,20,1,1.0,True,0.005,False
layer3.conv2,26,2,11,3,1.0,True,0.005,False
layer3.conv1,28,2,25,0,1.0,True,0.0,False
layer3.conv2,42,15,19,4,1.0,True,0.0,False
layer3.conv1,13,8,19,0,1.0,True,0.02,False
layer3.conv2,54,2,27,4,1.0,True,0.0,False
layer3.conv2,55,11,14,2,1.0,True,0.0,False
layer2.shortcut.0,7,0,10,4,1.0,True,0.015,False
layer3.conv1,0,2,26,5,1.0,True,0.0,False
layer3.conv2,13,17,29,5,1.0,True,0.005,False
layer3.conv1,29,0,25,2,1.0,True,0.015,False
layer3.conv2,30,17,9,5,1.0,True,0.0,False
layer3.conv2,33,7,10,3,1.0,True,0.015,False
layer1.conv1,9,3,23,5,1.0,True,0.0,False
layer2.conv2,23,3,20,4,1.0,True,0.005,False
layer2.conv2,31,8,21,4,1.0,True,0.015,False
layer3.conv2,0,13,11,4,1.0,True,0.005,False
layer3.conv2,48,16,30,4,1.0,True,0.005,False
layer3.conv1,19,0,0,3,1.0,True,0.005,False
layer2.conv1,10,2,2,6,1.0,True,0.0,False
layer3.conv2,34,6,19,3,1.0,True,0.005,False
layer3.conv1,57,6,3,0,1.0,True,0.005,False
layer2.conv1,1,1,12,3,1.0,True,0.03,False
layer3.conv2,16,2,26,3,1.0,True,0.0,False
layer3.conv1,41,7,11,2,1.0,True,0.015,False
layer2.conv2,27,0,22,3,1.0,True,0.01,False
layer3.conv2,1,2,1,2,1.0,True,0.015,False
layer3.conv1,19,7,25,5,1.0,True,0.0,False
layer1.conv2,8,3,13,4,1.0,True,0.005,False
layer3.conv2,12,14,3,0,1.0,True,0.015,False
layer3.conv2,39,10,19,5,1.0,True,0.0,False
layer3.conv2,21,10,26,6,1.0,True,0.0,False
layer3.shortcut.0,2,0,22,3,1.0,True,0.005,False
layer3.conv2,24,10,29,0,1.0,True,0.015,False
layer3.conv1,25,3,3,3,1.0,True,0.015,False
layer3.conv2,14,3,10,2,1.0,True,0.005,False
layer3.shortcut.0,5,0,31,5,1.0,True,0.0,False
layer3.conv1,32,6,22,2,1.0,True,0.01,False
layer3.conv2,55,16,0,4,1.0,True,0.0,False
layer3.conv2,45,12,20,4,1.0,True,0.0,False
layer3.conv2,39,8,10,4,1.0,True,0.005,False
layer3.conv2,6,4,20,4,1.0,True,0.005,False
layer3.conv1,14,8,17,2,1.0,True,0.015,False
layer3.conv1,1,1,12,4,1.0,True,0.01,False
layer3.conv1,55,5,2,1,1.0,True,0.015,False
layer3.conv2,23,7,11,4,1.0,True,0.005,False
layer3.conv2,4,1,29,5,1.0,True,0.0,False
layer3.conv2,27,5,21,5,1.0,True,0.0,False
layer3.conv2,59,5,17,0,1.0,True,0.0,False
layer3.conv2,27,11,23,4,1.0,True,0.0,False
layer3.conv2,16,10,3,0,1.0,True,0.0,False
layer3.conv2,35,7,20,1,1.0,True,0.0,False
layer3.conv2,58,11,9,2,1.0,True,0.0,False
layer3.conv1,18,4,13,3,1.0,True,0.0,False
layer3.conv1,34,3,2,3,1.0,True,0.0,False
layer1.conv2,7,2,29,2,1.0,True,0.01,False
layer2.conv1,12,1,18,1,1.0,True,0.015,False
layer2.conv1,16,2,7,5,1.0,True,0.005,False
layer3.conv2,40,2,13,0,1.0,True,0.015,False
layer1.conv1,4,1,2,5,1.0,True,0.01,False
layer3.conv2,32,10,8,4,1.0,True,0.005,False
layer2.conv2,0,8,24,0,1.0,True,0.01,False
layer3.conv2,5,16,0,3,1.0,True,0.0,False
layer2.conv1,30,0,27,4,1.0,True,0.01,False
layer1.conv1,13,3,6,4,1.0,True,0.03,False
layer3.conv2,41,4,17,3,1.0,True,0.01,False
layer2.conv2,29,4,24,2,1.0,True,0.01,False
layer3.conv2,61,6,19,0,1.0,True,0.0,False
layer3.conv2,22,11,9,0,1.0,True,0.0,False
layer3.conv2,16,10,30,1,1.0,True,0.0,False
layer1.conv1,1,3,22,4,1.0,True,0.01,False
layer2.conv2,6,0,23,2,1.0,True,0.005,False
layer3.conv2,49,8,28,1,1.0,True,0.0,False
layer3.conv2,42,16,20,0,1.0,True,0.005,False
layer2.conv1,5,3,11,4,1.0,True,0.005,False
layer3.conv2,53,13,22,5,1.0,True,0.0,False
layer1.conv1,11,1,0,0,1.0,True,0.31,False
layer3.conv2,22,8,14,4,1.0,True,0.0,False
layer3.conv1,20,6,28,0,1.0,True,0.01,False
layer3.conv2,11,2,27,3,1.0,True,0.01,False
layer3.conv2,5,1,8,0,1.0,True,0.005,False
layer3.conv2,48,5,31,2,1.0,True,0.0,False
layer3.conv2,48,2,14,1,1.0,True,0.0,False
layer3.conv2,3,5,31,3,1.0,True,0.005,False
layer3.conv2,58,3,2,4,1.0,True,0.0,False
layer3.conv2,55,2,12,4,1.0,True,0.0,False
layer3.conv2,23,17,8,4,1.0,True,0.0,False
layer3.conv2,19,8,25,4,1.0,True,0.0,False
layer3.conv2,56,10,30,3,1.0,True,0.0,False
layer3.conv2,5,11,28,4,1.0,True,0.0,False
layer3.conv1,60,2,0,3,1.0,True,0.0,False
layer1.conv1,14,0,1,3,1.0,True,0.01,False
layer3.conv2,29,13,9,3,1.0,True,0.005,False
layer1.conv2,4,3,2,2,1.0,True,0.02,False
layer3.conv1,53,1,2,0,1.0,True,0.02,False
layer3.conv2,48,15,28,3,1.0,True,0.01,False
layer3.conv1,0,7,19,3,1.0,True,0.005,False
layer3.conv2,13,0,2,3,1.0,True,0.015,False
layer3.conv2,26,2,10,2,1.0,True,0.0,False
layer3.conv1,61,6,1,1,1.0,True,0.0,False
layer3.conv1,55,8,27,5,1.0,True,0.0,False
layer3.conv2,50,7,0,0,1.0,True,0.005,False
layer2.conv1,14,3,4,3,1.0,True,0.005,False
layer3.conv2,32,9,20,4,1.0,True,0.0,False
layer3.conv2,10,6,18,4,1.0,True,0.0,False
layer3.conv2,61,15,15,3,1.0,True,0.015,False
layer3.conv2,15,8,5,3,1.0,True,0.0,False
conv1,5,0,8,0,1.0,True,0.02,False
layer3.conv1,39,7,15,5,1.0,True,0.0,False
layer2.conv1,15,4,2,5,1.0,True,0.005,False
layer3.conv2,37,3,4,5,1.0,True,0.0,False
layer3.conv1,58,6,29,4,1.0,True,0.005,False
layer3.conv2,55,15,8,4,1.0,True,0.0,False
layer3.conv1,53,0,18,2,1.0,True,0.01,False
layer3.conv2,19,13,21,0,1.0,True,0.01,False
layer2.conv1,24,1,22,6,1.0,True,0.0,False
layer3.conv2,10,16,29,3,1.0,True,0.0,False
layer3.conv1,39,4,15,3,1.0,True,0.0,False
layer3.shortcut.0,14,0,2,3,1.0,True,0.0,False
layer3.conv1,48,5,9,5,1.0,True,0.0,False
layer3.conv1,45,1,3,3,1.0,True,0.0,False
layer3.conv2,24,10,16,4,1.0,True,0.005,False
layer3.conv1,18,3,18,2,1.0,True,0.0,False
layer2.conv1,28,1,27,4,1.0,True,0.005,False
layer3.conv1,45,1,29,0,1.0,True,0.01,False
layer3.conv2,59,4,14,2,1.0,True,0.01,False
layer1.conv1,1,1,0,2,1.0,True,0.065,False
layer2.conv2,6,0,24,0,1.0,True,0.01,False
fc,4,0,15,3,1.0,True,0.02,False
layer3.conv2,11,6,8,3,1.0,True,0.015,False
layer3.conv1,15,1,11,1,1.0,True,0.01,False
layer2.conv2,0,5,1,3,1.0,True,0.005,False
layer3.conv2,52,8,7,3,1.0,True,0.0,False
layer3.conv2,34,4,14,4,1.0,True,0.0,False
layer3.conv2,28,14,0,1,1.0,True,0.005,False
layer1.conv2,11,1,1,2,1.0,True,0.02,False
layer3.conv2,1,2,31,1,1.0,True,0.0,False
layer2.conv2,0,8,5,0,1.0,True,0.02,False
layer1.conv2,14,2,8,4,1.0,True,0.02,False
layer3.conv2,32,0,27,0,1.0,True,0.005,False
fc,5,0,27,3,1.0,True,0.045,False
layer3.conv2,16,5,5,3,1.0,True,0.0,False
layer3.conv2,32,2,18,4,1.0,True,0.0,False
layer3.conv1,58,0,12,3,1.0,True,0.0,False
layer2.conv2,4,7,9,4,1.0,True,0.015,False
layer3.conv1,61,4,17,1,1.0,True,0.005,False
layer3.conv2,10,7,1,2,1.0,True,0.0,False
layer3.conv1,17,0,17,1,1.0,True,0.01,False
layer3.conv2,4,10,8,4,1.0,True,0.0,False
layer3.conv1,31,0,4,2,1.0,True,0.005,False
layer3.conv2,50,8,23,5,1.0,True,0.0,False
layer3.conv2,16,9,10,2,1.0,True,0.0,False
layer1.conv2,3,2,9,4,1.0,True,0.0,False
layer2.conv1,6,2,16,4,1.0,True,0.005,False
layer3.conv2,32,1,30,3,1.0,True,0.0,False
layer3.conv2,33,10,8,3,1.0,True,0.01,False
layer3.conv2,48,10,17,4,1.0,True,0.0,False
layer3.conv2,10,10,16,4,1.0,True,0.0,False
layer3.conv1,53,0,12,3,1.0,True,0.005,False
layer3.conv2,8,13,15,2,1.0,True,0.005,False
layer3.conv2,26,4,30,1,1.0,True,0.0,False
layer3.conv2,50,5,6,5,1.0,True,0.0,False
layer1.conv2,10,4,15,1,1.0,True,0.04,False
layer2.conv1,13,2,6,1,1.0,True,0.025,False
layer2.conv1,27,3,21,4,1.0,True,0.005,False
layer3.conv2,3,2,15,5,1.0,True,0.005,False
layer3.conv1,7,3,4,4,1.0,True,0.005,False
layer2.conv1,28,0,28,4,1.0,True,0.02,False
layer2.conv2,19,2,12,0,1.0,True,0.005,False
layer2.conv1,11,0,25,2,1.0,True,0.025,False
layer2.conv2,14,8,21,3,1.0,True,0.03,False
layer3.conv1,35,1,4,2,1.0,True,0.0,False
layer3.conv2,57,10,12,3,1.0,True,0.005,False
layer3.conv1,50,6,6,1,1.0,True,0.005,False
layer3.conv2,62,4,7,1,1.0,True,0.005,False
layer3.conv2,63,16,31,3,1.0,True,0.005,False
layer3.conv2,36,8,19,0,1.0,True,0.01,False
layer3.conv1,11,8,1,4,1.0,True,0.005,False
layer1.conv2,8,0,7,3,1.0,True,0.025,False
layer3.conv1,2,1,13,3,1.0,True,0.0,False
layer3.conv1,22,4,3,4,1.0,True,0.01,False
layer3.conv2,42,17,23,2,1.0,True,0.0,False
layer3.conv2,12,15,4,1,1.0,True,0.01,False
layer3.conv2,47,9,18,4,1.0,True,0.0,False
layer3.conv2,1,1,5,4,1.0,True,0.005,False
layer3.conv2,22,13,29,2,1.0,True,0.005,False
layer2.conv1,5,3,9,4,1.0,True,0.005,False
layer3.conv1,34,3,18,4,1.0,True,0.0,False
layer3.conv2,19,8,14,3,1.0,True,0.0,False
layer3.conv2,63,13,7,1,1.0,True,0.005,False
layer3.conv1,5,1,6,0,1.0,True,0.0,False
fc,3,0,31,2,1.0,True,0.035,False
layer3.conv1,25,7,25,5,1.0,True,0.0,False
layer3.shortcut.0,3,0,18,1,1.0,True,0.005,False
layer2.conv2,26,3,29,2,1.0,True,0.015,False
layer3.conv2,5,10,15,0,1.0,True,0.0,False
layer3.conv2,3,13,4,3,1.0,True,0.005,False
layer1.conv1,3,2,2,2,1.0,True,0.01,False
layer3.conv2,49,17,31,3,1.0,True,0.0,False
layer3.conv2,41,6,0,1,1.0,True,0.01,False
layer3.conv2,52,14,14,3,1.0,True,0.005,False
layer3.conv2,61,0,27,1,1.0,True,0.015,False
layer3.conv2,7,4,10,2,1.0,True,0.0,False
layer3.conv2,3,5,4,2,1.0,True,0.005,False
layer3.conv1,20,7,24,3,1.0,True,0.005,False
layer3.conv2,2,11,1,5,1.0,True,0.0,False
layer3.conv1,10,1,12,4,1.0,True,0.005,False
layer3.conv2,58,15,27,3,1.0,True,0.0,False
layer2.conv2,27,6,11,3,1.0,True,0.01,False
layer3.conv1,5,6,4,2,1.0,True,0.02,False
layer3.conv1,48,4,27,3,1.0,True,0.015,False
layer3.conv1,39,0,15,3,1.0,True,0.005,False
layer2.conv2,14,2,24,2,1.0,True,0.005,False
layer2.conv1,3,3,12,4,1.0,True,0.01,False
layer3.conv2,33,2,7,1,1.0,True,0.02,False
layer3.conv2,27,8,22,2,1.0,True,0.01,False
layer3.conv2,21,10,31,4,1.0,True,0.005,False
layer3.conv2,46,4,9,4,1.0,True,0.0,False
layer3.conv1,13,8,8,4,1.0,True,0.0,False
layer3.conv2,10,7,12,4,1.0,True,0.0,False
layer2.conv2,11,0,7,5,1.0,True,0.0,False
layer3.conv1,8,0,24,0,1.0,True,0.0,False
layer3.conv2,11,14,17,3,1.0,True,0.005,False
layer3.conv2,28,9,20,3,1.0,True,0.005,False
layer1.conv1,4,0,2,4,1.0,True,0.005,False
layer2.conv2,14,7,6,3,1.0,True,0.02,False
layer3.conv2,35,8,27,1,1.0,True,0.01,False
layer3.conv1,25,5,16,5,1.0,True,0.0,False
layer3.conv2,35,17,5,5,1.0,True,0.0,False
layer3.conv2,58,7,25,1,1.0,True,0.0,False
layer3.conv1,38,7,11,2,1.0,True,0.005,False
layer3.conv1,23,3,17,3,1.0,True,0.0,False
layer2.conv2,19,8,25,2,1.0,True,0.01,False
layer3.conv1,43,4,24,3,1.0,True,0.005,False
layer3.conv1,56,5,12,3,1.0,True,0.005,False
layer3.conv2,51,8,24,1,1.0,True,0.0,False
layer3.conv2,13,4,25,3,1.0,True,0.01,False
layer2.conv1,13,2,25,0,1.0,True,0.01,False
layer3.conv2,46,3,31,4,1.0,True,0.005,False
layer3.conv2,49,1,2,0,1.0,True,0.005,False
layer3.conv2,43,15,1,4,1.0,True,0.0,False
layer3.conv2,57,4,18,4,1.0,True,0.0,False
layer3.conv2,39,11,31,4,1.0,True,0.005,False
layer3.conv2,55,4,5,0,1.0,True,0.0,False
layer3.conv2,38,9,10,4,1.0,True,0.0,False
layer3.conv1,29,1,14,3,1.0,True,0.01,False
layer3.conv2,12,14,27,2,1.0,True,0.0,False
