run,special_fraction,special_share_of_damage,element_rate_unguarded,element_rate_guarded,guarded_upper95,reduction_at_least
repvgg_a0_e4m3-K32-ocp-w,0.0080673606674048,0.9969355130028683,0.008092158983388116,2.5242020820022145e-05,5.155161579252943e-05,156.97197573700078
repvgg_a0_e5m2-K32-ocp-w,0.0538186075608297,0.9987263243114557,0.053858412756736494,7.451819778353114e-05,0.00010354696101103005,520.1351370514813
repvgg_a0_s1_e4m3-K32-ocp-w,0.007991454928796,0.9987602024110794,0.008001375014246713,1.0439530021083781e-05,2.0559786734163416e-05,389.1759733553623
repvgg_a0_s1_e5m2-K32-ocp-w,0.0534522242566389,0.9999114566231003,0.05345107725084938,5.53452224256639e-06,1.2998517467668148e-05,4112.090273663968
repvgg_a0_s2_e4m3-K32-ocp-w,0.0080408389571912,0.9950896254716681,0.008080517323632911,4.076387970093316e-05,7.030206134136877e-05,114.93997714229164
repvgg_a0_s2_e5m2-K32-ocp-w,0.0536385334975772,0.999955877336838,0.05362105314384935,2.3659036662560573e-06,0.00016791867534484954,319.3275139511993
resnet8_w16_e4m3-K32-ocp-w,0.0129281928645294,0.9284069779356229,0.013925135389736224,0.0010391530749095138,0.001306137677144452,10.661307481903515
resnet8_w16_e5m2-K32-ocp-w,0.0767499353671147,0.9874676066408472,0.07772089418788773,0.0011290636876292658,0.0014720594877635942,52.797386813466424
resnet8_w16_s9_e4m3-K32-ocp-w,0.012689051189245,0.7757608332531954,0.016356911364076954,0.0037493238834669074,0.004237763601712373,3.859797973975599
resnet8_w16_s9_e5m2-K32-ocp-w,0.0761133014477766,0.9746485369157769,0.07807940887167139,0.0021582935100504133,0.0026300918889796683,29.686950938418327
vit_small_e4m3-K32-ocp-w,0.0113364353719444,0.989002860220665,0.011462489976434476,0.0001299089925165382,0.00016964569917860694,67.56723000897594
vit_small_e5m2-K32-ocp-w,0.0694508382407674,1.0,0.0694508382407674,0.0,0.0016041762573611512,43.29377019643285
vit_small_s1_e4m3-K32-ocp-w,0.0111751053522547,0.9714197294955939,0.011503889629725076,0.00033755673517189524,0.0003941178826863169,29.188956236429284
vit_small_s1_e5m2-K32-ocp-w,0.0686250067533496,0.999864298941635,0.06863432050328205,1.1029375101300246e-05,2.7688106138965624e-05,2478.837669821433
vit_small_s2_e4m3-K32-ocp-w,0.0112995264401142,0.994777461062364,0.011358848468527792,6.112995264401141e-05,8.540046995603152e-05,133.00686137179224
vit_small_s2_e5m2-K32-ocp-w,0.0690286600904048,0.9994608214159845,0.06906589894400118,4.241600310316418e-05,6.731144556061018e-05,1026.0647111167923
