pair,dataset,fmt,seeds,element,el_min,el_max,scale,scale_over_element,nonfinite_share
vit_small,CIFAR-10,e2m1,3,0.0002537649709474683,0.00018498754891497688,0.0003379580220562078,0.09088183421516755,358.13388221332144,0.0
vit_small,CIFAR-10,e2m3,3,0.00012900976290097628,5.753138075313808e-05,0.00018131101813110182,0.07891414141414141,611.6912366912367,0.0
vit_small,CIFAR-10,e3m2,3,2.7312877731287773e-05,6.97350069735007e-06,5.753138075313808e-05,0.08771464646464648,3211.475822050291,0.0
vit_small,CIFAR-10,e4m3,3,0.012581293806733307,0.01068597035504998,0.01487762840399862,0.10067340067340065,8.001832102475968,0.9848513714577533
vit_small,CIFAR-10,e5m2,3,0.06896759738021371,0.06584625991037572,0.0738210961737332,0.14841750841750842,2.1519889637345595,0.9996383931861837
vit_small,CIFAR-100,e2m1,3,0.0001853826107557451,0.00013681592039800996,0.00022743425728500357,0.11362903225806449,612.9433165000513,0.0
vit_small,CIFAR-100,e2m3,3,0.0005497321220591661,0.00018693221523410203,0.0009416491963661776,0.12057971014492752,219.3426676492262,0.0
vit_small,CIFAR-100,e3m2,3,0.000606219426974144,0.0002777777777777778,0.001027253668763103,0.12711352657004832,209.68237063024682,0.0
vit_small,CIFAR-100,e4m3,3,0.011396551724137928,0.00972758620689655,0.01389310344827586,0.10553333333333333,9.260110943015635,0.9679607868223227
vit_small,CIFAR-100,e5m2,3,0.07698275862068965,0.06859482758620689,0.08557758620689654,0.13133333333333333,1.7060097051138485,0.9910502230583451
repvgg_a0,CIFAR-10,e3m2,3,1.4442518775274407e-05,1.2131715771230504e-05,1.7331022530329284e-05,0.12166666666666666,8424.2,0.0
repvgg_a0,CIFAR-10,e4m3,3,0.00687742746173178,0.004809801233721728,0.008574366004112405,0.11898373983739836,17.30061720017582,0.9965382251069381
repvgg_a0,CIFAR-10,e5m2,3,0.05380683116289695,0.05038211103495544,0.05616175462645648,0.20550813008130084,3.8193687611734153,0.9995394914220169
repvgg_a0,CIFAR-100,e3m2,3,5.627102912170786e-05,1.740341106856944e-06,0.0001374869474416986,0.20391076115485562,3623.7254647292793,0.0
repvgg_a0,CIFAR-100,e4m3,3,0.008122559154606019,0.006228463128876637,0.010451412818745691,0.16488095238095238,20.29913839254149,0.9754174140799176
repvgg_a0,CIFAR-100,e5m2,3,0.05675568573397657,0.05549793246037216,0.05823397656788422,0.22782312925170067,4.014102310727879,0.9994054179633035
resnet8_w16,CIFAR-10,e3m2,5,0.0017958260869565218,0.0014382608695652174,0.002281739130434783,0.19031999999999996,105.97908192911096,0.0
resnet8_w16,CIFAR-10,e4m3,5,0.01373682397519807,0.012216672407853943,0.015401308990699275,0.18337113402061855,13.348874117605087,0.8919058506451398
resnet8_w16,CIFAR-10,e5m2,5,0.07831381329658971,0.0729607302790217,0.08570616603513605,0.20417525773195874,2.6071423308006616,0.9788806456709856
resnet8_w16,CIFAR-100,e3m2,3,0.005664234422052351,0.00492008339124392,0.006598332175121613,0.28047814207650273,49.51739655839944,0.0
resnet8_w16,CIFAR-100,e4m3,3,0.016890341821518693,0.014430488644184444,0.018921197522367515,0.3047695035460993,18.044010403496735,0.7339528168174865
resnet8_w16,CIFAR-100,e5m2,3,0.08211000229410415,0.07820027529249828,0.08588781830695112,0.35519503546099296,4.325843691840909,0.9341056179075192
