width,params,fmt,special_codes,element_sdc,hw,nonfinite_rate,nonfinite_share_of_sdc,perturbation_sdc,scale_sdc,n_element,n_scale
8,19954,e5m2,8,0.44694089180781194,0.018105054107591,0.07258900795022467,0.16241299303944315,0.3743518838575873,0.9813084112149533,2893,107
8,19954,e4m3,2,0.36571033529208435,0.01753963482733728,0.015209125475285171,0.04158790170132325,0.35050120981679916,0.9626168224299065,2893,107
8,19954,e3m2,0,0.4155663655316192,0.017993238674235135,0.0,0.0,0.4155663655316192,0.9754098360655737,2878,122
16,78042,e5m2,8,0.3455046503616948,0.017288126720742314,0.07785049948329315,0.22532402791625125,0.26765415087840166,0.8350515463917526,2903,97
16,78042,e4m3,2,0.4106097140888736,0.017883931163711064,0.011712022046159145,0.028523489932885907,0.3988976920427144,0.9278350515463918,2903,97
16,78042,e3m2,0,0.15513043478260868,0.013232604578927387,0.0,0.0,0.15513043478260868,0.84,2875,125
24,174274,e5m2,8,0.2315644383184011,0.01534150649830024,0.07580978635423846,0.3273809523809524,0.15575465196416263,0.826530612244898,2902,98
24,174274,e4m3,2,0.05065472088215024,0.00799532570677982,0.011371467953135768,0.22448979591836735,0.039283252929014474,0.6530612244897959,2902,98
24,174274,e3m2,0,0.5365598885793872,0.018225233095104265,0.0,0.0,0.5365598885793872,0.9453125,2872,128
32,308650,e5m2,8,0.33688186813186816,0.017156728506336094,0.08550824175824176,0.25382262996941896,0.25137362637362637,0.8068181818181818,2912,88
32,308650,e4m3,2,0.017513736263736264,0.004803469694707716,0.01510989010989011,0.8627450980392157,0.002403846153846154,0.4318181818181818,2912,88
32,308650,e3m2,0,0.23568205484206872,0.01549171569578009,0.0,0.0,0.23568205484206872,0.6890756302521008,2881,119
48,691834,e5m2,8,0.12092064582617656,0.011846537104525559,0.08004122294744075,0.6619318181818182,0.04087942287873583,0.5280898876404494,2911,89
48,691834,e4m3,2,0.05702507729302645,0.008438503560392219,0.012710408794228788,0.22289156626506024,0.044314668498797664,0.550561797752809,2911,89
48,691834,e3m2,0,0.026782608695652174,0.005931244207151472,0.0,0.0,0.026782608695652174,0.488,2875,125
