seed,fmt,median_margin,mean_margin,frac_below_0.5,frac_below_1.0,element_sdc_perturbation
0,e5m2,2.887896776199341,2.495422601699829,0.05,0.09,0.0006894174422612892
0,e4m3,2.901181936264038,2.5136890411376953,0.04,0.08,0.019303688383316097
0,e3m2,2.8871307373046875,2.4955873489379883,0.05,0.09,0.000697350069735007
0,e2m3,2.899656295776367,2.5153958797454834,0.04,0.08,0.009414225941422594
0,e2m1,2.8679072856903076,2.444953680038452,0.05,0.11,0.03628601921024546
1,e5m2,2.8647451400756836,2.475480556488037,0.045,0.095,0.002068252326783868
1,e4m3,2.8878800868988037,2.468451976776123,0.055,0.09,0.06894174422612892
1,e3m2,2.8648388385772705,2.475618362426758,0.045,0.095,0.0020920502092050207
1,e2m3,2.8879313468933105,2.4785141944885254,0.035,0.095,0.029637377963737797
1,e2m1,2.830554962158203,2.455345392227173,0.04,0.08,0.04695837780149413
2,e5m2,2.806252956390381,2.3483469486236572,0.065,0.125,0.009307135470527405
2,e4m3,2.8012261390686035,2.3868257999420166,0.045,0.13,0.010341261633919338
2,e3m2,2.8063268661499023,2.348355770111084,0.065,0.125,0.009414225941422594
2,e2m3,2.8011984825134277,2.3922088146209717,0.045,0.115,0.03172942817294282
2,e2m1,2.7101211547851562,2.2887563705444336,0.07,0.14,0.06688011383849164
