width,params,seed,fmt,accuracy,element_sdc,perturbation_sdc,nonfinite_rate,nonfinite_share,n_element
8,19954,0,e3m2,0.7858,0.5375260597637248,0.5375260597637248,0.0,0.0,2878
8,19954,0,e4m3,0.7858,0.36985827860352577,0.3591427583823021,0.010715520221223643,0.02897196261682243,2893
8,19954,0,e5m2,0.7858,0.5731075008641549,0.5050120981679918,0.06809540269616315,0.11881785283474065,2893
8,19954,1,e3m2,0.7818,0.5847810979847116,0.5847810979847116,0.0,0.0,2878
8,19954,1,e4m3,0.7818,0.555824403733149,0.5423435879709644,0.013480815762184583,0.024253731343283583,2893
8,19954,1,e5m2,0.7818,0.5250604908399585,0.4452125820947114,0.07984790874524715,0.15207373271889402,2893
8,19954,2,e3m2,0.7894,0.39228630993745656,0.39228630993745656,0.0,0.0,2878
8,19954,2,e4m3,0.7894,0.3556861389561009,0.3401313515381956,0.015554787417905289,0.043731778425655975,2893
8,19954,2,e5m2,0.7894,0.43864500518492916,0.3684756308330453,0.07016937435188386,0.1599684791174153,2893
8,19954,3,e3m2,0.7871,0.6025017373175816,0.6025017373175816,0.0,0.0,2878
8,19954,3,e4m3,0.7871,0.23366747321119943,0.21984099550639474,0.013826477704804701,0.05917159763313609,2893
8,19954,3,e5m2,0.7871,0.6508814379536813,0.5782924300034566,0.07258900795022467,0.11152416356877323,2893
8,19954,4,e3m2,0.79,0.47116052814454484,0.47116052814454484,0.0,0.0,2878
8,19954,4,e4m3,0.79,0.4379536812996889,0.4255098513653647,0.01244382993432423,0.028413575374901343,2893
8,19954,4,e5m2,0.79,0.5133079847908745,0.44313861043899067,0.07016937435188386,0.1367003367003367,2893
8,19954,5,e3m2,0.7856,0.3825573314801946,0.3825573314801946,0.0,0.0,2878
8,19954,5,e4m3,0.7856,0.3491185620463187,0.341168337366056,0.007950224680262703,0.02277227722772277,2893
8,19954,5,e5m2,0.7856,0.426546837193225,0.36017974421016247,0.06636709298306256,0.15559157212317667,2893
8,19954,6,e3m2,0.7863,0.5510771369006254,0.5510771369006254,0.0,0.0,2878
8,19954,6,e4m3,0.7863,0.6322156930521949,0.6201175250604909,0.012098167991704113,0.01913613996719519,2893
8,19954,6,e5m2,0.7863,0.5036294503975113,0.43104044244728656,0.07258900795022467,0.1441317776252574,2893
8,19954,7,e3m2,0.7878,0.5594162612925643,0.5594162612925643,0.0,0.0,2878
8,19954,7,e4m3,0.7878,0.16833736605599722,0.15485655029381265,0.013480815762184583,0.08008213552361396,2893
8,19954,7,e5m2,0.7878,0.7037677151745593,0.6346353266505358,0.06913238852402351,0.09823182711198428,2893
8,19954,8,e3m2,0.7943,0.4909659485753996,0.4909659485753996,0.0,0.0,2878
8,19954,8,e4m3,0.7943,0.40304182509505704,0.3916349809885932,0.011406844106463879,0.02830188679245283,2893
8,19954,8,e5m2,0.7943,0.5496024887659868,0.485309367438645,0.06429312132734186,0.1169811320754717,2893
8,19954,9,e3m2,0.7882,0.39089645587213345,0.39089645587213345,0.0,0.0,2878
8,19954,9,e4m3,0.7882,0.4790874524714829,0.46629796059453854,0.012789491876944349,0.026695526695526696,2893
8,19954,9,e5m2,0.7882,0.4452125820947114,0.3629450397511234,0.08226754234358798,0.18478260869565216,2893
16,78042,0,e3m2,0.8486,0.0768695652173913,0.0768695652173913,0.0,0.0,2875
16,78042,0,e4m3,0.8486,0.10919738201860145,0.09989665862900447,0.009300723389596968,0.08517350157728706,2903
16,78042,0,e5m2,0.8486,0.15087840165346195,0.06854977609369618,0.08232862555976576,0.545662100456621,2903
16,78042,1,e3m2,0.8519,0.09947826086956522,0.09947826086956522,0.0,0.0,2875
16,78042,1,e4m3,0.8519,0.3393041681019635,0.3289700310024113,0.010334137099552188,0.030456852791878174,2903
16,78042,1,e5m2,0.8519,0.165346193592835,0.0826730967964175,0.0826730967964175,0.5,2903
16,78042,2,e3m2,0.8563,0.3088695652173913,0.3088695652173913,0.0,0.0,2875
16,78042,2,e4m3,0.8563,0.39407509472959007,0.38270754392008266,0.011367550809507406,0.028846153846153848,2903
16,78042,2,e5m2,0.8563,0.25077506028246643,0.1705132621426111,0.08026179813985532,0.32005494505494503,2903
16,78042,3,e3m2,0.8486,0.24869565217391304,0.24869565217391304,0.0,0.0,2875
16,78042,3,e4m3,0.8486,0.22356183258697898,0.20771615570099897,0.01584567688598002,0.07087827426810478,2903
16,78042,3,e5m2,0.8486,0.3472270065449535,0.2759214605580434,0.0713055459869101,0.20535714285714285,2903
16,78042,4,e3m2,0.8535,0.10678260869565218,0.10678260869565218,0.0,0.0,2875
16,78042,4,e4m3,0.8535,0.0775060282466414,0.06510506372717878,0.012400964519462624,0.16,2903
16,78042,4,e5m2,0.8535,0.15880124009645194,0.08715122287289011,0.07165001722356183,0.4511930585683297,2903
16,78042,5,e3m2,0.8518,0.12382608695652174,0.12382608695652174,0.0,0.0,2875
16,78042,5,e4m3,0.8518,0.18256975542542198,0.17085773337926283,0.011712022046159145,0.06415094339622641,2903
16,78042,5,e5m2,0.8518,0.20048225973131242,0.1260764726145367,0.07440578711677574,0.3711340206185567,2903
16,78042,6,e3m2,0.8504,0.10295652173913043,0.10295652173913043,0.0,0.0,2875
16,78042,6,e4m3,0.8504,0.3489493627282122,0.33275921460558044,0.01619014812263176,0.04639684106614018,2903
16,78042,6,e5m2,0.8504,0.17395797450912848,0.09541853255253187,0.07853944195659662,0.4514851485148515,2903
16,78042,7,e3m2,0.8534,0.26817391304347826,0.26817391304347826,0.0,0.0,2875
16,78042,7,e4m3,0.8534,0.3644505683775405,0.355838787461247,0.00861178091629349,0.023629489603024575,2903
16,78042,7,e5m2,0.8534,0.3606613847743713,0.2828108852910782,0.07785049948329315,0.21585482330468003,2903
16,78042,8,e3m2,0.8504,0.42991304347826087,0.42991304347826087,0.0,0.0,2875
16,78042,8,e4m3,0.8504,0.20496038580778506,0.1915260075783672,0.013434378229417844,0.06554621848739496,2903
16,78042,8,e5m2,0.8504,0.6383052015156735,0.5611436445056838,0.07716155700998967,0.12088505126821371,2903
16,78042,9,e3m2,0.8512,0.26921739130434785,0.26921739130434785,0.0,0.0,2875
16,78042,9,e4m3,0.8512,0.06717189114708921,0.05580434033758181,0.011367550809507406,0.16923076923076924,2903
16,78042,9,e5m2,0.8512,0.3461935928349983,0.2679986221150534,0.07819497071994488,0.22587064676616916,2903
24,174274,0,e3m2,0.8729,0.2823816155988858,0.2823816155988858,0.0,0.0,2872
24,174274,0,e4m3,0.8729,0.1357684355616816,0.12198483804272915,0.013783597518952447,0.10152284263959391,2902
24,174274,0,e5m2,0.8729,0.2529290144727774,0.1753962784286699,0.07753273604410751,0.3065395095367847,2902
24,174274,1,e3m2,0.8698,0.08844011142061281,0.08844011142061281,0.0,0.0,2872
24,174274,1,e4m3,0.8698,0.13645761543762921,0.12508614748449345,0.011371467953135768,0.08333333333333333,2902
24,174274,1,e5m2,0.8698,0.15334252239834598,0.08545830461750517,0.0678842177808408,0.44269662921348313,2902
24,174274,2,e3m2,0.8703,0.08739554317548746,0.08739554317548746,0.0,0.0,2872
24,174274,2,e4m3,0.8703,0.0647829083390765,0.053756030323914544,0.011026878015161957,0.1702127659574468,2902
24,174274,2,e5m2,0.8703,0.16540317022742937,0.08924879393521709,0.07615437629221226,0.46041666666666664,2902
24,174274,3,e3m2,0.8754,0.12569637883008355,0.12569637883008355,0.0,0.0,2872
24,174274,3,e4m3,0.8754,0.07133011716057891,0.05823569951757409,0.013094417643004824,0.18357487922705315,2902
24,174274,3,e5m2,0.8754,0.18435561681598897,0.11268090971743625,0.07167470709855273,0.38878504672897196,2902
24,174274,4,e3m2,0.8714,0.1107242339832869,0.1107242339832869,0.0,0.0,2872
24,174274,4,e4m3,0.8714,0.06237077877325982,0.04962095106822881,0.012749827705031013,0.20441988950276244,2902
24,174274,4,e5m2,0.8714,0.2091660923501034,0.13059958649207443,0.07856650585802895,0.3756177924217463,2902
24,174274,5,e3m2,0.8764,0.046309192200557105,0.046309192200557105,0.0,0.0,2872
24,174274,5,e4m3,0.8764,0.1268090971743625,0.11578221915920055,0.011026878015161957,0.08695652173913043,2902
24,174274,5,e5m2,0.8764,0.12474155754651964,0.04720882150241213,0.07753273604410751,0.6215469613259669,2902
24,174274,6,e3m2,0.8775,0.08983286908077995,0.08983286908077995,0.0,0.0,2872
24,174274,6,e4m3,0.8775,0.1292212267401792,0.11853893866299105,0.010682288077188146,0.08266666666666667,2902
24,174274,6,e5m2,0.8775,0.1543762922122674,0.08442453480358374,0.06995175740868366,0.453125,2902
24,174274,7,e3m2,0.8725,0.18279944289693592,0.18279944289693592,0.0,0.0,2872
24,174274,7,e4m3,0.8725,0.06891798759476224,0.05306685044796692,0.015851137146795313,0.23,2902
24,174274,7,e5m2,0.8725,0.28911095796002756,0.20778773259820812,0.08132322536181943,0.28128724672228844,2902
24,174274,8,e3m2,0.875,0.1288300835654596,0.1288300835654596,0.0,0.0,2872
24,174274,8,e4m3,0.875,0.15230875258442453,0.13749138525155066,0.014817367332873881,0.09728506787330317,2902
24,174274,8,e5m2,0.875,0.21088904203997244,0.1361130254996554,0.07477601654031703,0.3545751633986928,2902
24,174274,9,e3m2,0.876,0.09923398328690808,0.09923398328690808,0.0,0.0,2872
24,174274,9,e4m3,0.876,0.044796691936595454,0.03239145416953825,0.012405237767057202,0.27692307692307694,2902
24,174274,9,e5m2,0.876,0.15988973121984837,0.0864920744314266,0.07339765678842178,0.45905172413793105,2902
32,308650,0,e3m2,0.8894,0.020826102047900034,0.020826102047900034,0.0,0.0,2881
32,308650,0,e4m3,0.8894,0.028502747252747252,0.018200549450549452,0.010302197802197802,0.3614457831325301,2912
32,308650,0,e5m2,0.8894,0.09237637362637363,0.017513736263736264,0.07486263736263736,0.8104089219330854,2912
32,308650,1,e3m2,0.8845,0.10794862894828185,0.10794862894828185,0.0,0.0,2881
32,308650,1,e4m3,0.8845,0.046703296703296704,0.032623626373626376,0.01407967032967033,0.3014705882352941,2912
32,308650,1,e5m2,0.8845,0.13255494505494506,0.05425824175824176,0.0782967032967033,0.5906735751295337,2912
32,308650,2,e3m2,0.8884,0.00971884762235335,0.00971884762235335,0.0,0.0,2881
32,308650,2,e4m3,0.8884,0.07211538461538461,0.06078296703296703,0.011332417582417582,0.15714285714285714,2912
32,308650,2,e5m2,0.8884,0.08791208791208792,0.009958791208791208,0.0779532967032967,0.88671875,2912
32,308650,3,e3m2,0.8871,0.2117320374869837,0.2117320374869837,0.0,0.0,2881
32,308650,3,e4m3,0.8871,0.10611263736263736,0.09787087912087912,0.008241758241758242,0.07766990291262135,2912
32,308650,3,e5m2,0.8871,0.20776098901098902,0.13770604395604397,0.07005494505494506,0.3371900826446281,2912
32,308650,4,e3m2,0.8856,0.05761888233252343,0.05761888233252343,0.0,0.0,2881
32,308650,4,e4m3,0.8856,0.06559065934065934,0.0521978021978022,0.013392857142857142,0.20418848167539266,2912
32,308650,4,e5m2,0.8856,0.12328296703296704,0.06387362637362637,0.059409340659340656,0.4818941504178273,2912
32,308650,5,e3m2,0.887,0.08434571329399514,0.08434571329399514,0.0,0.0,2881
32,308650,5,e4m3,0.887,0.11572802197802198,0.10508241758241758,0.010645604395604396,0.09198813056379822,2912
32,308650,5,e5m2,0.887,0.12465659340659341,0.06009615384615385,0.06456043956043957,0.5179063360881543,2912
32,308650,6,e3m2,0.8868,0.022561610551891705,0.022561610551891705,0.0,0.0,2881
32,308650,6,e4m3,0.8868,0.20982142857142858,0.2036401098901099,0.006181318681318681,0.029459901800327332,2912
32,308650,6,e5m2,0.8868,0.10164835164835165,0.0260989010989011,0.07554945054945054,0.7432432432432432,2912
32,308650,7,e3m2,0.8886,0.10933703575147519,0.10933703575147519,0.0,0.0,2881
32,308650,7,e4m3,0.8886,0.15625,0.14320054945054944,0.01304945054945055,0.08351648351648351,2912
32,308650,7,e5m2,0.8886,0.125,0.061126373626373624,0.06387362637362637,0.510989010989011,2912
32,308650,8,e3m2,0.8838,0.08712252690038182,0.08712252690038182,0.0,0.0,2881
32,308650,8,e4m3,0.8838,0.026785714285714284,0.017170329670329672,0.009615384615384616,0.358974358974359,2912
32,308650,8,e5m2,0.8838,0.18543956043956045,0.11710164835164835,0.06833791208791208,0.3685185185185185,2912
32,308650,9,e3m2,0.8875,0.03193335647344672,0.03193335647344672,0.0,0.0,2881
32,308650,9,e4m3,0.8875,0.028502747252747252,0.018200549450549452,0.010302197802197802,0.3614457831325301,2912
32,308650,9,e5m2,0.8875,0.12980769230769232,0.04842032967032967,0.08138736263736264,0.626984126984127,2912
48,691834,0,e3m2,0.8972,0.06817391304347827,0.06817391304347827,0.0,0.0,2875
48,691834,0,e4m3,0.8972,0.0769495018893851,0.05977327378907592,0.017176228100309172,0.22321428571428573,2911
48,691834,0,e5m2,0.8972,0.11645482652009619,0.04843696324287187,0.06801786327722432,0.584070796460177,2911
48,691834,1,e3m2,0.8993,0.002782608695652174,0.002782608695652174,0.0,0.0,2875
48,691834,1,e4m3,0.8993,0.06080384747509447,0.0498110614908966,0.01099278598419787,0.1807909604519774,2911
48,691834,1,e5m2,0.8993,0.08072827207145311,0.0020611473720371005,0.078667124699416,0.9744680851063829,2911
48,691834,2,e3m2,0.8986,0.01182608695652174,0.01182608695652174,0.0,0.0,2875
48,691834,2,e4m3,0.8986,0.019237375472346274,0.005839917554105119,0.013397457918241155,0.6964285714285714,2911
48,691834,2,e5m2,0.8986,0.08210237031947784,0.005496392992098935,0.07660597732737891,0.9330543933054394,2911
48,691834,3,e3m2,0.9007,0.003130434782608696,0.003130434782608696,0.0,0.0,2875
48,691834,3,e4m3,0.9007,0.03023016145654414,0.01511508072827207,0.01511508072827207,0.5,2911
48,691834,3,e5m2,0.9007,0.07557540364136035,0.0020611473720371005,0.07351425626932326,0.9727272727272728,2911
48,691834,4,e3m2,0.8977,0.0034782608695652175,0.0034782608695652175,0.0,0.0,2875
48,691834,4,e4m3,0.8977,0.022329096530401923,0.012366884232222604,0.00996221229817932,0.4461538461538462,2911
48,691834,4,e5m2,0.8977,0.08175884575747167,0.0034352456200618343,0.07832360013740983,0.957983193277311,2911
48,691834,5,e3m2,0.8982,0.041391304347826084,0.041391304347826084,0.0,0.0,2875
48,691834,5,e4m3,0.8982,0.020611473720371008,0.005839917554105119,0.014771556166265888,0.7166666666666667,2911
48,691834,5,e5m2,0.8982,0.10821023703194778,0.03538302988663689,0.0728272071453109,0.6730158730158731,2911
48,691834,6,e3m2,0.9024,0.002434782608695652,0.002434782608695652,0.0,0.0,2875
48,691834,6,e4m3,0.9024,0.025420817588457576,0.012366884232222604,0.01305393335623497,0.5135135135135135,2911
48,691834,6,e5m2,0.9024,0.07454482995534181,0.004122294744074201,0.07042253521126761,0.9447004608294931,2911
48,691834,7,e3m2,0.9002,0.0010434782608695651,0.0010434782608695651,0.0,0.0,2875
48,691834,7,e4m3,0.9002,0.01992442459635864,0.007214015802129852,0.012710408794228788,0.6379310344827587,2911
48,691834,7,e5m2,0.9002,0.07110958433527997,0.0006870491240123669,0.07042253521126761,0.9903381642512077,2911
48,691834,8,e3m2,0.8984,0.002782608695652174,0.002782608695652174,0.0,0.0,2875
48,691834,8,e4m3,0.8984,0.02679491583648231,0.01511508072827207,0.011679835108210237,0.4358974358974359,2911
48,691834,8,e5m2,0.8984,0.0683613878392305,0.003091721058055651,0.06526966678117485,0.9547738693467337,2911
48,691834,9,e3m2,0.8962,0.03930434782608696,0.03930434782608696,0.0,0.0,2875
48,691834,9,e4m3,0.8962,0.03881827550669873,0.029543112332531776,0.009275163174166953,0.23893805309734514,2911
48,691834,9,e5m2,0.8962,0.20989350738577808,0.1429062177945723,0.06698728959120577,0.3191489361702128,2911
