,e3m2,e4m3,e5m2
0,-0.6448174033006643,-0.5351755600270841,-0.4485976137457687
1,-1.2229539953761521,-0.7345556068762814,-0.4872120263099382
2,-1.159770994094233,-0.8488303878401974,-0.5106373966126051
3,-1.2008860685855538,-0.5509693347447671,-0.5665894032080045
4,-1.1854689983436297,-0.751280515836401,-0.4742038193553309
5,-0.6031457725706892,-0.6982358076144934,-0.39679292484427164
6,-1.4006980387321792,-0.8013370083641131,-0.5250717051274015
7,-1.461112787674922,-0.5525998444028191,-0.6445831501466084
8,-1.3075208575197526,-0.8385270373986237,-0.6008074333378357
9,-0.7640478771550869,-0.7419883870190825,-0.29923962449466823
